llavemod,llaveviv,llavehog,cve_ent,cvegeo,edad,sexo,sexo_label,escolaridad,cond_disc,cond_disc_label,cond_aee,trab_no_rem_cuid_hog,cuid_esp_int_hog_sin_cp,cuid_int_0a5_sin_cp,cuid_int_6a14_sin_cp,cuid_int_15a59,cuid_int_60mas_sin_cp,trab_merc_pv,bus_trab,fac_per,realiza_cuidado_hogar,realiza_cuidado_especial,realiza_cuidado_0a5,realiza_cuidado_6a14,realiza_cuidado_15a59,realiza_cuidado_60mas,realiza_trabajo_mercado,busca_trabajo,es_cuidador,horas_cuidado,horas_trabajo,participa_laboral,combina_cuidado_trabajo
90306103102.0,90306103,903061031,9,9,65,2,Mujer,3.0,2,No tiene discapacidad,5,2.0,0.0,0.0,0.0,2.0,0.0,0.0,0.0,5161,1,0,0,0,1,0,0,0,1,2.0,0.0,0,0
90306103103.0,90306103,903061031,9,9,37,1,Hombre,4.0,2,No tiene discapacidad,1,0.33333333333333,0.0,0.0,0.0,0.0,0.33333333333333,39.0,0.0,5199,1,0,0,0,0,1,1,0,1,0.33333333333333,39.0,1,1
90306104101.0,90306104,903061041,9,9,25,1,Hombre,4.0,2,No tiene discapacidad,1,7.0,0.0,0.0,0.0,7.0,0.0,70.0,0.0,5246,1,0,0,0,1,0,1,0,1,7.0,70.0,1,1
90306104102.0,90306104,903061041,9,9,25,2,Mujer,4.0,2,No tiene discapacidad,1,5.0,0.0,0.0,0.0,5.0,0.0,54.0,0.0,5159,1,0,0,0,1,0,1,0,1,5.0,54.0,1,1
91583105104.0,91583105,915831051,9,9,29,2,Mujer,4.0,2,No tiene discapacidad,1,9.0,0.0,0.0,0.0,9.0,0.0,40.0,0.0,5311,1,0,0,0,1,0,1,0,1,9.0,40.0,1,1
91583105105.0,91583105,915831051,9,9,20,1,Hombre,4.0,2,No tiene discapacidad,4,0.83333333333333,0.0,0.0,0.0,0.83333333333333,0.0,0.0,0.0,5430,1,0,0,0,1,0,0,0,1,0.83333333333333,0.0,0,0
91597902101.0,91597902,915979021,9,9,43,2,Mujer,3.0,2,No tiene discapacidad,1,1.66666666666666,0.0,0.0,0.0,1.66666666666666,0.0,36.0,0.0,4587,1,0,0,0,1,0,1,0,1,1.66666666666666,36.0,1,1
90861104101.0,90861104,908611041,9,9,67,1,Hombre,3.0,1,Sí tiene discapacidad,6,1.5,0.0,0.0,0.0,1.5,0.0,0.0,0.0,4087,1,0,0,0,1,0,0,0,1,1.5,0.0,0,0
90861104102.0,90861104,908611041,9,9,58,2,Mujer,2.0,2,No tiene discapacidad,5,0.5,0.0,0.0,0.0,0.5,0.0,0.0,0.0,4020,1,0,0,0,1,0,0,0,1,0.5,0.0,0,0
90861104103.0,90861104,908611041,9,9,23,2,Mujer,3.0,2,No tiene discapacidad,1,1.66666666666666,0.0,0.0,0.0,1.66666666666666,0.0,27.0,0.0,4135,1,0,0,0,1,0,1,0,1,1.66666666666666,27.0,1,1
90861105101.0,90861105,908611051,9,9,46,2,Mujer,3.0,2,No tiene discapacidad,1,20.58333333333333,6.58333333333333,0.0,0.0,14.0,0.0,61.0,0.0,4052,1,1,0,0,1,0,1,0,1,20.58333333333333,61.0,1,1
90861105102.0,90861105,908611051,9,9,41,1,Hombre,4.0,2,No tiene discapacidad,1,7.0,1.0,0.0,0.0,6.0,0.0,40.0,0.0,4195,1,1,0,0,1,0,1,0,1,7.0,40.0,1,1
90861105103.0,90861105,908611051,9,9,29,2,Mujer,4.0,2,No tiene discapacidad,1,0.16666666666666,0.16666666666666,0.0,0.0,0.0,0.0,8.0,0.0,4087,1,1,0,0,0,0,1,0,1,0.16666666666666,8.0,1,1
90861105104.0,90861105,908611051,9,9,15,2,Mujer,2.0,2,No tiene discapacidad,4,6.5,5.16666666666666,0.0,0.0,1.33333333333333,0.0,0.0,0.0,4131,1,1,0,0,1,0,0,0,1,6.5,0.0,0,0
91566301104.0,91566301,915663011,9,9,56,2,Mujer,3.0,2,No tiene discapacidad,1,2.0,0.0,0.0,0.0,2.0,0.0,29.0,0.0,3513,1,0,0,0,1,0,1,0,1,2.0,29.0,1,1
91566303101.0,91566303,915663031,9,9,50,1,Hombre,4.0,2,No tiene discapacidad,1,8.58333333333333,0.0,0.0,8.58333333333333,0.0,0.0,40.0,0.0,3605,1,0,0,1,0,0,1,0,1,8.58333333333333,40.0,1,1
91566304101.0,91566304,915663041,9,9,69,1,Hombre,4.0,2,No tiene discapacidad,3,3.0,0.0,0.0,0.0,3.0,0.0,0.0,0.0,3572,1,0,0,0,1,0,0,0,1,3.0,0.0,0,0
91566304102.0,91566304,915663041,9,9,38,2,Mujer,5.0,2,No tiene discapacidad,4,3.5,0.0,0.0,0.0,3.5,0.0,0.0,0.0,3548,1,0,0,0,1,0,0,0,1,3.5,0.0,0,0
91566304103.0,91566304,915663041,9,9,34,2,Mujer,5.0,2,No tiene discapacidad,1,1.0,0.0,0.0,0.0,1.0,0.0,45.0,0.0,3553,1,0,0,0,1,0,1,0,1,1.0,45.0,1,1
90327901101.0,90327901,903279011,9,9,75,2,Mujer,2.0,2,No tiene discapacidad,3,1.0,0.0,0.0,1.0,0.0,0.0,0.0,0.0,4026,1,0,0,1,0,0,0,0,1,1.0,0.0,0,0
90327901102.0,90327901,903279011,9,9,40,2,Mujer,4.0,2,No tiene discapacidad,5,5.5,0.0,0.0,3.5,2.0,0.0,0.0,0.0,3966,1,0,0,1,1,0,0,0,1,5.5,0.0,0,0
90327901105.0,90327901,903279011,9,9,18,1,Hombre,3.0,2,No tiene discapacidad,1,0.5,0.0,0.0,0.0,0.0,0.5,36.0,0.0,4050,1,0,0,0,0,1,1,0,1,0.5,36.0,1,1
90688401101.0,90688401,906884011,9,9,24,1,Hombre,2.0,2,No tiene discapacidad,1,4.0,0.0,0.0,0.0,4.0,0.0,72.0,0.0,4252,1,0,0,0,1,0,1,0,1,4.0,72.0,1,1
90688402101.0,90688402,906884021,9,9,44,1,Hombre,2.0,2,No tiene discapacidad,1,10.5,0.0,0.0,0.0,10.5,0.0,88.0,0.0,4269,1,0,0,0,1,0,1,0,1,10.5,88.0,1,1
90688402102.0,90688402,906884021,9,9,44,2,Mujer,2.0,2,No tiene discapacidad,1,5.0,0.0,0.0,0.0,5.0,0.0,50.0,0.0,4131,1,0,0,0,1,0,1,0,1,5.0,50.0,1,1
90688402103.0,90688402,906884021,9,9,22,1,Hombre,3.0,1,Sí tiene discapacidad,1,0.08333333333333,0.0,0.0,0.0,0.08333333333333,0.0,40.0,0.0,4252,1,0,0,0,1,0,1,0,1,0.08333333333333,40.0,1,1
90861105106.0,90861105,908611051,9,9,56,1,Hombre,3.0,2,No tiene discapacidad,1,7.16666666666666,4.66666666666666,0.0,0.0,2.5,0.0,40.0,0.0,4135,1,1,0,0,1,0,1,0,1,7.16666666666666,40.0,1,1
90875602101.0,90875602,908756021,9,9,42,1,Hombre,3.0,1,Sí tiene discapacidad,1,11.0,0.0,0.0,7.0,4.0,0.0,112.0,0.0,4078,1,0,0,1,1,0,1,0,1,11.0,112.0,1,1
91597902105.0,91597902,915979021,9,9,18,2,Mujer,4.0,2,No tiene discapacidad,5,4.33333333333333,0.0,0.0,0.0,4.33333333333333,0.0,0.0,0.0,4667,1,0,0,0,1,0,0,0,1,4.33333333333333,0.0,0,0
91597903101.0,91597903,915979031,9,9,35,1,Hombre,2.0,2,No tiene discapacidad,1,47.0,0.0,0.0,37.0,10.0,0.0,54.0,0.0,4654,1,0,0,1,1,0,1,0,1,47.0,54.0,1,1
91597903102.0,91597903,915979031,9,9,25,2,Mujer,2.0,2,No tiene discapacidad,1,22.5,0.0,0.0,15.0,7.5,0.0,36.0,0.0,4618,1,0,0,1,1,0,1,0,1,22.5,36.0,1,1
91566305101.0,91566305,915663051,9,9,59,2,Mujer,4.0,2,No tiene discapacidad,1,2.5,0.0,0.0,0.0,2.5,0.0,6.0,0.0,3513,1,0,0,0,1,0,1,0,1,2.5,6.0,1,1
91566305102.0,91566305,915663051,9,9,33,1,Hombre,4.0,2,No tiene discapacidad,1,5.0,0.0,0.0,0.0,5.0,0.0,44.0,0.0,3656,1,0,0,0,1,0,1,0,1,5.0,44.0,1,1
91566305103.0,91566305,915663051,9,9,28,1,Hombre,4.0,2,No tiene discapacidad,1,1.5,0.0,0.0,0.0,1.5,0.0,35.0,0.0,3632,1,0,0,0,1,0,1,0,1,1.5,35.0,1,1
91566305104.0,91566305,915663051,9,9,25,1,Hombre,3.0,2,No tiene discapacidad,1,1.83333333333333,0.0,0.0,0.0,1.83333333333333,0.0,36.0,0.0,3632,1,0,0,0,1,0,1,0,1,1.83333333333333,36.0,1,1
91566305105.0,91566305,915663051,9,9,26,1,Hombre,4.0,2,No tiene discapacidad,1,3.83333333333333,0.0,0.0,0.0,3.83333333333333,0.0,28.0,0.0,3632,1,0,0,0,1,0,1,0,1,3.83333333333333,28.0,1,1
91581001101.0,91581001,915810011,9,9,50,2,Mujer,2.0,2,No tiene discapacidad,1,1.5,0.0,0.0,0.0,1.5,0.0,99.0,0.0,4830,1,0,0,0,1,0,1,0,1,1.5,99.0,1,1
91581001102.0,91581001,915810011,9,9,53,1,Hombre,3.0,2,No tiene discapacidad,1,5.33333333333333,0.0,0.0,0.0,5.33333333333333,0.0,77.0,0.0,4877,1,0,0,0,1,0,1,0,1,5.33333333333333,77.0,1,1
90679301102.0,90679301,906793011,9,9,47,1,Hombre,3.0,2,No tiene discapacidad,1,7.5,0.0,0.0,0.0,7.5,0.0,59.0,0.0,4736,1,0,0,0,1,0,1,0,1,7.5,59.0,1,1
90679304101.0,90679304,906793041,9,9,44,2,Mujer,2.0,2,No tiene discapacidad,1,12.5,0.0,0.0,12.5,0.0,0.0,12.0,0.0,4639,1,0,0,1,0,0,1,0,1,12.5,12.0,1,1
90679304103.0,90679304,906793041,9,9,22,1,Hombre,4.0,2,No tiene discapacidad,2,1.0,0.0,0.0,1.0,0.0,0.0,0.0,35.0,4776,1,0,0,1,0,0,0,1,1,1.0,0.0,0,0
91597904101.0,91597904,915979041,9,9,63,1,Hombre,2.0,1,Sí tiene discapacidad,6,8.0,0.0,0.0,0.0,8.0,0.0,0.0,0.0,4626,1,0,0,0,1,0,0,0,1,8.0,0.0,0,0
91597904102.0,91597904,915979041,9,9,58,2,Mujer,2.0,2,No tiene discapacidad,1,7.5,7.5,0.0,0.0,0.0,0.0,30.0,0.0,4542,1,1,0,0,0,0,1,0,1,7.5,30.0,1,1
91597905102.0,91597905,915979051,9,9,29,2,Mujer,2.0,2,No tiene discapacidad,1,17.66666666666666,0.0,0.0,17.16666666666666,0.5,0.0,25.0,0.0,4618,1,0,0,1,1,0,1,0,1,17.66666666666666,25.0,1,1
91597905103.0,91597905,915979051,9,9,26,2,Mujer,3.0,2,No tiene discapacidad,5,5.0,0.0,0.0,0.0,5.0,0.0,0.0,0.0,4618,1,0,0,0,1,0,0,0,1,5.0,0.0,0,0
90727501101.0,90727501,907275011,9,9,56,1,Hombre,4.0,2,No tiene discapacidad,1,17.5,0.0,0.0,0.0,17.5,0.0,29.0,0.0,3786,1,0,0,0,1,0,1,0,1,17.5,29.0,1,1
90727501102.0,90727501,907275011,9,9,21,2,Mujer,4.0,2,No tiene discapacidad,1,5.0,0.0,0.0,0.0,5.0,0.0,66.0,0.0,3786,1,0,0,0,1,0,1,0,1,5.0,66.0,1,1
90727501104.0,90727501,907275011,9,9,17,2,Mujer,3.0,2,No tiene discapacidad,4,7.0,0.0,0.0,0.0,7.0,0.0,0.0,0.0,3782,1,0,0,0,1,0,0,0,1,7.0,0.0,0,0
90727502101.0,90727502,907275021,9,9,51,2,Mujer,3.0,2,No tiene discapacidad,1,66.66666666666666,65.66666666666666,0.0,0.0,1.0,0.0,63.0,0.0,3740,1,1,0,0,1,0,1,0,1,66.66666666666666,63.0,1,1
91581001103.0,91581001,915810011,9,9,26,2,Mujer,2.0,2,No tiene discapacidad,5,3.0,0.0,0.0,0.0,3.0,0.0,0.0,0.0,4833,1,0,0,0,1,0,0,0,1,3.0,0.0,0,0
90671402101.0,90671402,906714021,9,9,58,1,Hombre,2.0,2,No tiene discapacidad,1,7.0,0.0,0.0,0.0,7.0,0.0,56.0,0.0,4687,1,0,0,0,1,0,1,0,1,7.0,56.0,1,1
90671402104.0,90671402,906714021,9,9,30,2,Mujer,3.0,2,No tiene discapacidad,1,2.0,0.0,0.0,2.0,0.0,0.0,123.0,0.0,4608,1,0,0,1,0,0,1,0,1,2.0,123.0,1,1
90671404101.0,90671404,906714041,9,9,42,1,Hombre,3.0,1,Sí tiene discapacidad,1,2.66666666666666,0.0,0.0,0.0,2.66666666666666,0.0,96.0,0.0,4755,1,0,0,0,1,0,1,0,1,2.66666666666666,96.0,1,1
90688002101.0,90688002,906880021,9,9,71,1,Hombre,2.0,1,Sí tiene discapacidad,1,3.0,0.0,0.0,0.0,0.0,3.0,63.0,0.0,4032,1,0,0,0,0,1,1,0,1,3.0,63.0,1,1
90688005101.0,90688005,906880051,9,9,79,1,Hombre,3.0,2,No tiene discapacidad,5,14.75,14.75,0.0,0.0,0.0,0.0,0.0,0.0,4155,1,1,0,0,0,0,0,0,1,14.75,0.0,0,0
91634401101.0,91634401,916344011,9,9,60,1,Hombre,4.0,2,No tiene discapacidad,1,16.33333333333333,0.0,0.0,0.0,4.33333333333333,12.0,55.0,0.0,4189,1,0,0,0,1,1,1,0,1,16.33333333333333,55.0,1,1
91634401102.0,91634401,916344011,9,9,86,2,Mujer,2.0,2,No tiene discapacidad,5,11.0,0.0,0.0,0.0,5.66666666666666,5.33333333333333,0.0,0.0,4613,1,0,0,0,1,1,0,0,1,11.0,0.0,0,0
91634401103.0,91634401,916344011,9,9,29,2,Mujer,4.0,2,No tiene discapacidad,1,8.5,0.0,0.0,0.0,4.5,4.0,49.0,0.0,4182,1,0,0,0,1,1,1,0,1,8.5,49.0,1,1
91634401104.0,91634401,916344011,9,9,24,2,Mujer,4.0,2,No tiene discapacidad,4,2.91666666666666,0.0,0.0,0.0,2.91666666666666,0.0,0.0,0.0,4231,1,0,0,0,1,0,0,0,1,2.91666666666666,0.0,0,0
91634402101.0,91634402,916344021,9,9,69,1,Hombre,4.0,2,No tiene discapacidad,1,7.0,0.0,0.0,0.0,0.0,7.0,15.0,0.0,4182,1,0,0,0,0,1,1,0,1,7.0,15.0,1,1
91634402102.0,91634402,916344021,9,9,75,2,Mujer,2.0,2,No tiene discapacidad,5,7.0,0.0,0.0,0.0,0.0,7.0,0.0,0.0,4217,1,0,0,0,0,1,0,0,1,7.0,0.0,0,0
90727504101.0,90727504,907275041,9,9,50,2,Mujer,2.0,2,No tiene discapacidad,1,6.08333333333333,0.0,4.08333333333333,0.0,2.0,0.0,66.0,0.0,3740,1,0,1,0,1,0,1,0,1,6.08333333333333,66.0,1,1
90727504102.0,90727504,907275041,9,9,20,2,Mujer,3.0,2,No tiene discapacidad,1,77.83333333333333,3.66666666666666,62.0,0.0,12.16666666666666,0.0,66.0,0.0,3786,1,1,1,0,1,0,1,0,1,77.83333333333333,66.0,1,1
90727504103.0,90727504,907275041,9,9,19,2,Mujer,3.0,2,No tiene discapacidad,1,116.58333333333331,35.08333333333333,80.5,0.0,1.0,0.0,0.0,0.0,3782,1,1,1,0,1,0,0,0,1,116.58333333333331,0.0,0,0
90727504104.0,90727504,907275041,9,9,21,1,Hombre,3.0,2,No tiene discapacidad,1,43.0,0.0,43.0,0.0,0.0,0.0,66.0,0.0,3826,1,0,1,0,0,0,1,0,1,43.0,66.0,1,1
90671404102.0,90671404,906714041,9,9,46,2,Mujer,2.0,2,No tiene discapacidad,1,3.5,0.0,0.0,0.0,3.5,0.0,12.0,0.0,4594,1,0,0,0,1,0,1,0,1,3.5,12.0,1,1
90671404103.0,90671404,906714041,9,9,24,2,Mujer,4.0,2,No tiene discapacidad,1,0.83333333333333,0.0,0.0,0.0,0.83333333333333,0.0,44.0,0.0,4687,1,0,0,0,1,0,1,0,1,0.83333333333333,44.0,1,1
90671404105.0,90671404,906714041,9,9,16,1,Hombre,3.0,2,No tiene discapacidad,1,5.66666666666666,0.0,0.0,0.0,5.66666666666666,0.0,52.0,0.0,4699,1,0,0,0,1,0,1,0,1,5.66666666666666,52.0,1,1
90679301101.0,90679301,906793011,9,9,42,2,Mujer,3.0,2,No tiene discapacidad,5,14.0,0.0,0.0,0.0,14.0,0.0,0.0,0.0,4639,1,0,0,0,1,0,0,0,1,14.0,0.0,0,0
90688005103.0,90688005,906880051,9,9,52,2,Mujer,2.0,2,No tiene discapacidad,1,19.75,12.75,0.0,0.0,7.0,0.0,22.5,0.0,4049,1,1,0,0,1,0,1,0,1,19.75,22.5,1,1
90688005105.0,90688005,906880051,9,9,24,2,Mujer,3.0,2,No tiene discapacidad,1,4.16666666666666,4.16666666666666,0.0,0.0,0.0,0.0,40.0,0.0,4099,1,1,0,0,0,0,1,0,1,4.16666666666666,40.0,1,1
90348505101.0,90348505,903485051,9,9,36,1,Hombre,4.0,2,No tiene discapacidad,1,2.0,0.0,0.0,2.0,0.0,0.0,72.0,0.0,3903,1,0,0,1,0,0,1,0,1,2.0,72.0,1,1
90348505102.0,90348505,903485051,9,9,30,2,Mujer,3.0,2,No tiene discapacidad,1,15.83333333333333,0.0,0.0,15.83333333333333,0.0,0.0,2.0,0.0,3852,1,0,0,1,0,0,1,0,1,15.83333333333333,2.0,1,1
90348505103.0,90348505,903485051,9,9,58,1,Hombre,2.0,2,No tiene discapacidad,1,3.0,0.0,0.0,3.0,0.0,0.0,30.0,0.0,3918,1,0,0,1,0,0,1,0,1,3.0,30.0,1,1
91634404101.0,91634404,916344041,9,9,37,1,Hombre,4.0,2,No tiene discapacidad,1,3.0,0.0,0.0,0.0,3.0,0.0,55.0,0.0,4214,1,0,0,0,1,0,1,0,1,3.0,55.0,1,1
91652203101.0,91652203,916522031,9,9,44,1,Hombre,3.0,2,No tiene discapacidad,1,5.0,0.0,0.0,0.0,5.0,0.0,45.0,0.0,3975,1,0,0,0,1,0,1,0,1,5.0,45.0,1,1
91652203102.0,91652203,916522031,9,9,47,2,Mujer,3.0,2,No tiene discapacidad,1,24.08333333333333,0.0,0.0,12.08333333333333,12.0,0.0,38.0,0.0,3840,1,0,0,1,1,0,1,0,1,24.08333333333333,38.0,1,1
91652203103.0,91652203,916522031,9,9,25,1,Hombre,4.0,2,No tiene discapacidad,1,1.0,0.0,0.0,1.0,0.0,0.0,40.0,0.0,3938,1,0,0,1,0,0,1,0,1,1.0,40.0,1,1
90738005101.0,90738005,907380051,9,9,46,2,Mujer,3.0,2,No tiene discapacidad,5,6.0,0.0,0.0,0.0,6.0,0.0,0.0,0.0,4242,1,0,0,0,1,0,0,0,1,6.0,0.0,0,0
90738005102.0,90738005,907380051,9,9,48,1,Hombre,3.0,2,No tiene discapacidad,1,15.83333333333333,9.83333333333333,0.0,0.0,6.0,0.0,58.0,0.0,4338,1,1,0,0,1,0,1,0,1,15.83333333333333,58.0,1,1
90738005103.0,90738005,907380051,9,9,22,1,Hombre,4.0,2,No tiene discapacidad,4,2.0,0.5,0.0,0.0,1.5,0.0,0.0,0.0,4374,1,1,0,0,1,0,0,0,1,2.0,0.0,0,0
90738005104.0,90738005,907380051,9,9,20,1,Hombre,3.0,2,No tiene discapacidad,4,6.58333333333333,4.58333333333333,0.0,0.0,2.0,0.0,0.0,0.0,4374,1,1,0,0,1,0,0,0,1,6.58333333333333,0.0,0,0
90738005105.0,90738005,907380051,9,9,15,1,Hombre,2.0,2,No tiene discapacidad,1,5.25,2.75,0.0,0.0,2.5,0.0,40.0,0.0,4340,1,1,0,0,1,0,1,0,1,5.25,40.0,1,1
90875602102.0,90875602,908756021,9,9,40,2,Mujer,3.0,2,No tiene discapacidad,1,35.33333333333333,0.0,0.0,33.66666666666666,1.66666666666666,0.0,10.0,0.0,3947,1,0,0,1,1,0,1,0,1,35.33333333333333,10.0,1,1
90349301101.0,90349301,903493011,9,9,43,2,Mujer,3.0,2,No tiene discapacidad,1,9.25,0.0,0.0,8.25,1.0,0.0,48.0,0.0,4009,1,0,0,1,1,0,1,0,1,9.25,48.0,1,1
90349301102.0,90349301,903493011,9,9,24,2,Mujer,4.0,2,No tiene discapacidad,4,2.0,0.0,0.0,2.0,0.0,0.0,0.0,0.0,4084,1,0,0,1,0,0,0,0,1,2.0,0.0,0,0
90349301103.0,90349301,903493011,9,9,21,2,Mujer,3.0,2,No tiene discapacidad,4,3.0,0.0,0.0,3.0,0.0,0.0,0.0,0.0,4084,1,0,0,1,0,0,0,0,1,3.0,0.0,0,0
90349302101.0,90349302,903493021,9,9,48,1,Hombre,2.0,2,No tiene discapacidad,1,2.33333333333333,2.33333333333333,0.0,0.0,0.0,0.0,60.0,0.0,4092,1,1,0,0,0,0,1,0,1,2.33333333333333,60.0,1,1
90349302102.0,90349302,903493021,9,9,48,2,Mujer,2.0,2,No tiene discapacidad,5,28.83333333333333,25.83333333333333,0.0,0.0,3.0,0.0,0.0,0.0,4002,1,1,0,0,1,0,0,0,1,28.83333333333333,0.0,0,0
90349302103.0,90349302,903493021,9,9,24,2,Mujer,3.0,2,No tiene discapacidad,1,1.33333333333333,1.33333333333333,0.0,0.0,0.0,0.0,48.0,0.0,4084,1,1,0,0,0,0,1,0,1,1.33333333333333,48.0,1,1
90349302104.0,90349302,903493021,9,9,21,1,Hombre,2.0,2,No tiene discapacidad,6,1.5,1.5,0.0,0.0,0.0,0.0,0.0,0.0,4127,1,1,0,0,0,0,0,0,1,1.5,0.0,0,0
91652205102.0,91652205,916522051,9,9,57,1,Hombre,4.0,2,No tiene discapacidad,1,3.0,0.0,0.0,0.0,3.0,0.0,35.0,0.0,3918,1,0,0,0,1,0,1,0,1,3.0,35.0,1,1
91899403102.0,91899403,918994031,9,9,72,2,Mujer,4.0,2,No tiene discapacidad,1,1.0,0.0,0.0,0.0,0.0,1.0,50.0,0.0,3372,1,0,0,0,0,1,1,0,1,1.0,50.0,1,1
90875605101.0,90875605,908756051,9,9,32,1,Hombre,3.0,2,No tiene discapacidad,1,30.0,0.0,8.5,7.5,14.0,0.0,50.0,0.0,4067,1,0,1,1,1,0,1,0,1,30.0,50.0,1,1
90875605102.0,90875605,908756051,9,9,34,2,Mujer,4.0,2,No tiene discapacidad,5,58.08333333333333,0.0,26.33333333333333,27.0,4.75,0.0,0.0,0.0,3952,1,0,1,1,1,0,0,0,1,58.08333333333333,0.0,0,0
90879901101.0,90879901,908799011,9,9,77,1,Hombre,2.0,2,No tiene discapacidad,5,12.33333333333333,0.0,0.0,0.0,0.0,12.33333333333333,0.0,0.0,3814,1,0,0,0,0,1,0,0,1,12.33333333333333,0.0,0,0
90879902101.0,90879902,908799021,9,9,38,1,Hombre,3.0,2,No tiene discapacidad,1,3.08333333333333,0.0,0.0,0.0,3.08333333333333,0.0,0.0,0.0,3748,1,0,0,0,1,0,0,0,1,3.08333333333333,0.0,0,0
90349302105.0,90349302,903493021,9,9,17,2,Mujer,3.0,2,No tiene discapacidad,4,1.0,1.0,0.0,0.0,0.0,0.0,0.0,0.0,4080,1,1,0,0,0,0,0,0,1,1.0,0.0,0,0
90349304101.0,90349304,903493041,9,9,37,2,Mujer,3.0,2,No tiene discapacidad,1,15.83333333333333,0.0,0.0,15.83333333333333,0.0,0.0,48.0,0.0,4009,1,0,0,1,0,0,1,0,1,15.83333333333333,48.0,1,1
90349304102.0,90349304,903493041,9,9,16,1,Hombre,2.0,2,No tiene discapacidad,1,4.0,0.0,0.0,4.0,0.0,0.0,48.0,0.0,4094,1,0,0,1,0,0,1,0,1,4.0,48.0,1,1
90359501101.0,90359501,903595011,9,9,58,1,Hombre,2.0,2,No tiene discapacidad,1,6.0,0.0,4.0,0.0,2.0,0.0,30.0,0.0,4563,1,0,1,0,1,0,1,0,1,6.0,30.0,1,1
90359501102.0,90359501,903595011,9,9,57,2,Mujer,2.0,2,No tiene discapacidad,5,2.66666666666666,0.0,2.0,0.0,0.66666666666666,0.0,0.0,0.0,4436,1,0,1,0,1,0,0,0,1,2.66666666666666,0.0,0,0
91899405102.0,91899405,918994051,9,9,70,2,Mujer,3.0,2,No tiene discapacidad,3,9.0,9.0,0.0,0.0,0.0,0.0,0.0,0.0,3372,1,1,0,0,0,0,0,0,1,9.0,0.0,0,0
91921801101.0,91921801,919218011,9,9,45,1,Hombre,5.0,2,No tiene discapacidad,1,5.0,0.0,0.0,0.0,5.0,0.0,64.0,0.0,4168,1,0,0,0,1,0,1,0,1,5.0,64.0,1,1
91921801102.0,91921801,919218011,9,9,43,2,Mujer,5.0,2,No tiene discapacidad,1,1.0,0.0,0.0,0.0,1.0,0.0,64.0,0.0,4083,1,0,0,0,1,0,1,0,1,1.0,64.0,1,1
91921803101.0,91921803,919218031,9,9,57,1,Hombre,3.0,2,No tiene discapacidad,1,9.5,0.0,0.0,0.0,9.5,0.0,40.0,0.0,4159,1,0,0,0,1,0,1,0,1,9.5,40.0,1,1
91921803102.0,91921803,919218031,9,9,17,2,Mujer,3.0,2,No tiene discapacidad,4,10.0,0.0,0.0,0.0,10.0,0.0,0.0,0.0,4155,1,0,0,0,1,0,0,0,1,10.0,0.0,0,0
91921804101.0,91921804,919218041,9,9,50,1,Hombre,4.0,2,No tiene discapacidad,1,10.0,0.0,0.0,0.0,10.0,0.0,50.0,0.0,4148,1,0,0,0,1,0,1,0,1,10.0,50.0,1,1
90738001101.0,90738001,907380011,9,9,67,2,Mujer,2.0,2,No tiene discapacidad,1,1.0,1.0,0.0,0.0,0.0,0.0,35.0,0.0,4280,1,1,0,0,0,0,1,0,1,1.0,35.0,1,1
90738001102.0,90738001,907380011,9,9,31,2,Mujer,4.0,2,No tiene discapacidad,1,26.83333333333333,26.83333333333333,0.0,0.0,0.0,0.0,10.0,0.0,4256,1,1,0,0,0,0,1,0,1,26.83333333333333,10.0,1,1
90738002101.0,90738002,907380021,9,9,23,1,Hombre,3.0,2,No tiene discapacidad,1,8.83333333333333,0.5,8.33333333333333,0.0,0.0,0.0,49.0,0.0,4374,1,1,1,0,0,0,1,0,1,8.83333333333333,49.0,1,1
90738002102.0,90738002,907380021,9,9,25,2,Mujer,3.0,2,No tiene discapacidad,1,34.66666666666666,0.0,19.66666666666666,0.0,15.0,0.0,40.0,0.0,4278,1,0,1,0,1,0,1,0,1,34.66666666666666,40.0,1,1
90738003101.0,90738003,907380031,9,9,45,1,Hombre,4.0,2,No tiene discapacidad,1,0.08333333333333,0.0,0.0,0.0,0.08333333333333,0.0,90.0,0.0,4338,1,0,0,0,1,0,1,0,1,0.08333333333333,90.0,1,1
90738003102.0,90738003,907380031,9,9,20,2,Mujer,4.0,2,No tiene discapacidad,4,7.0,0.0,0.0,0.0,7.0,0.0,0.0,0.0,4329,1,0,0,0,1,0,0,0,1,7.0,0.0,0,0
90359501103.0,90359501,903595011,9,9,41,1,Hombre,2.0,2,No tiene discapacidad,1,1.16666666666666,0.0,0.5,0.66666666666666,0.0,0.0,54.0,0.0,4629,1,0,1,1,0,0,1,0,1,1.16666666666666,54.0,1,1
90359501104.0,90359501,903595011,9,9,24,1,Hombre,2.0,2,No tiene discapacidad,1,8.33333333333333,0.0,8.33333333333333,0.0,0.0,0.0,60.0,0.0,4611,1,0,1,0,0,0,1,0,1,8.33333333333333,60.0,1,1
90359501105.0,90359501,903595011,9,9,28,2,Mujer,3.0,2,No tiene discapacidad,5,37.83333333333333,0.0,36.83333333333333,1.0,0.0,0.0,0.0,0.0,4509,1,0,1,1,0,0,0,0,1,37.83333333333333,0.0,0,0
90359502101.0,90359502,903595021,9,9,60,1,Hombre,2.0,2,No tiene discapacidad,1,1.0,0.0,0.0,0.0,1.0,0.0,50.0,0.0,4518,1,0,0,0,1,0,1,0,1,1.0,50.0,1,1
90359502102.0,90359502,903595021,9,9,51,2,Mujer,2.0,2,No tiene discapacidad,5,13.83333333333333,0.0,0.0,3.83333333333333,10.0,0.0,0.0,0.0,4507,1,0,0,1,1,0,0,0,1,13.83333333333333,0.0,0,0
91921804102.0,91921804,919218041,9,9,48,2,Mujer,4.0,2,No tiene discapacidad,1,6.0,0.0,0.0,0.0,6.0,0.0,20.0,0.0,4076,1,0,0,0,1,0,1,0,1,6.0,20.0,1,1
91921804104.0,91921804,919218041,9,9,16,2,Mujer,2.0,2,No tiene discapacidad,4,10.0,0.0,0.0,0.0,10.0,0.0,0.0,0.0,4155,1,0,0,0,1,0,0,0,1,10.0,0.0,0,0
91921804105.0,91921804,919218041,9,9,15,2,Mujer,2.0,2,No tiene discapacidad,4,3.0,0.0,0.0,0.0,3.0,0.0,0.0,0.0,4155,1,0,0,0,1,0,0,0,1,3.0,0.0,0,0
90327902101.0,90327902,903279021,9,9,34,1,Hombre,2.0,2,No tiene discapacidad,1,7.33333333333333,0.0,4.16666666666666,3.16666666666666,0.0,0.0,60.0,0.0,4087,1,0,1,1,0,0,1,0,1,7.33333333333333,60.0,1,1
90327902102.0,90327902,903279021,9,9,32,2,Mujer,2.0,2,No tiene discapacidad,5,28.83333333333333,0.0,16.0,11.83333333333333,1.0,0.0,0.0,0.0,3971,1,0,1,1,1,0,0,0,1,28.83333333333333,0.0,0,0
90327904101.0,90327904,903279041,9,9,39,1,Hombre,4.0,2,No tiene discapacidad,1,19.25,0.0,16.75,0.0,2.5,0.0,53.0,0.0,4024,1,0,1,0,1,0,1,0,1,19.25,53.0,1,1
90327904102.0,90327904,903279041,9,9,37,2,Mujer,4.0,2,No tiene discapacidad,1,21.0,0.0,21.0,0.0,0.0,0.0,40.0,0.0,3966,1,0,1,0,0,0,1,0,1,21.0,40.0,1,1
90327905101.0,90327905,903279051,9,9,58,1,Hombre,2.0,2,No tiene discapacidad,1,2.0,0.0,0.0,0.0,2.0,0.0,72.0,0.0,4039,1,0,0,0,1,0,1,0,1,2.0,72.0,1,1
90327905102.0,90327905,903279051,9,9,54,2,Mujer,2.0,2,No tiene discapacidad,1,1.0,0.0,0.0,0.0,1.0,0.0,41.0,0.0,3991,1,0,0,0,1,0,1,0,1,1.0,41.0,1,1
90359502103.0,90359502,903595021,9,9,30,2,Mujer,3.0,2,No tiene discapacidad,5,17.83333333333333,0.0,0.0,16.83333333333333,1.0,0.0,0.0,0.0,4486,1,0,0,1,1,0,0,0,1,17.83333333333333,0.0,0,0
90359503101.0,90359503,903595031,9,9,42,1,Hombre,3.0,2,No tiene discapacidad,1,6.33333333333333,0.0,2.33333333333333,1.0,3.0,0.0,80.0,0.0,4629,1,0,1,1,1,0,1,0,1,6.33333333333333,80.0,1,1
90359503102.0,90359503,903595031,9,9,36,2,Mujer,3.0,2,No tiene discapacidad,5,28.16666666666666,0.0,15.83333333333333,12.33333333333333,0.0,0.0,0.0,0.0,4480,1,0,1,1,0,0,0,0,1,28.16666666666666,0.0,0,0
90359504101.0,90359504,903595041,9,9,67,1,Hombre,4.0,2,No tiene discapacidad,3,1.5,0.0,0.0,0.0,0.5,1.0,0.0,0.0,4510,1,0,0,0,1,1,0,0,1,1.5,0.0,0,0
90359504102.0,90359504,903595041,9,9,66,2,Mujer,2.0,2,No tiene discapacidad,5,1.0,0.0,0.0,0.0,1.0,0.0,0.0,0.0,4512,1,0,0,0,1,0,0,0,1,1.0,0.0,0,0
91253105103.0,91253105,912531051,9,9,80,1,Hombre,2.0,2,No tiene discapacidad,3,2.0,0.0,0.0,0.0,2.0,0.0,0.0,0.0,4422,1,0,0,0,1,0,0,0,1,2.0,0.0,0,0
91253105104.0,91253105,912531051,9,9,24,1,Hombre,4.0,2,No tiene discapacidad,1,4.33333333333333,0.0,0.0,0.0,4.33333333333333,0.0,48.0,0.0,4365,1,0,0,0,1,0,1,0,1,4.33333333333333,48.0,1,1
91944402101.0,91944402,919444021,9,9,53,2,Mujer,2.0,2,No tiene discapacidad,1,1.66666666666666,0.0,0.0,0.0,1.66666666666666,0.0,50.0,0.0,4469,1,0,0,0,1,0,1,0,1,1.66666666666666,50.0,1,1
91944402103.0,91944402,919444021,9,9,21,2,Mujer,3.0,2,No tiene discapacidad,4,6.66666666666666,0.0,0.0,0.0,6.66666666666666,0.0,0.0,0.0,4525,1,0,0,0,1,0,0,0,1,6.66666666666666,0.0,0,0
91944402104.0,91944402,919444021,9,9,18,2,Mujer,2.0,2,No tiene discapacidad,1,3.0,0.0,0.0,0.0,3.0,0.0,20.0,0.0,4520,1,0,0,0,1,0,1,0,1,3.0,20.0,1,1
91944403101.0,91944403,919444031,9,9,62,2,Mujer,3.0,2,No tiene discapacidad,3,3.5,0.0,0.0,3.5,0.0,0.0,0.0,0.0,4436,1,0,0,1,0,0,0,0,1,3.5,0.0,0,0
91944403102.0,91944403,919444031,9,9,61,1,Hombre,3.0,2,No tiene discapacidad,1,29.0,0.0,0.0,9.0,5.0,15.0,40.0,0.0,4480,1,0,0,1,1,1,1,0,1,29.0,40.0,1,1
90348501101.0,90348501,903485011,9,9,53,1,Hombre,2.0,2,No tiene discapacidad,1,9.33333333333333,0.0,0.0,9.33333333333333,0.0,0.0,36.0,0.0,3908,1,0,0,1,0,0,1,0,1,9.33333333333333,36.0,1,1
90348501102.0,90348501,903485011,9,9,54,2,Mujer,2.0,2,No tiene discapacidad,1,4.5,0.0,0.0,4.0,0.5,0.0,48.0,0.0,3871,1,0,0,1,1,0,1,0,1,4.5,48.0,1,1
90348502101.0,90348502,903485021,9,9,64,1,Hombre,3.0,2,No tiene discapacidad,3,5.0,0.0,0.0,0.0,5.0,0.0,0.0,0.0,3880,1,0,0,0,1,0,0,0,1,5.0,0.0,0,0
90348502102.0,90348502,903485021,9,9,59,2,Mujer,2.0,2,No tiene discapacidad,1,1.0,0.0,0.0,0.0,1.0,0.0,20.0,0.0,3809,1,0,0,0,1,0,1,0,1,1.0,20.0,1,1
90348502103.0,90348502,903485021,9,9,33,2,Mujer,3.0,2,No tiene discapacidad,1,6.83333333333333,0.0,0.0,0.0,6.83333333333333,0.0,48.0,0.0,3852,1,0,0,0,1,0,1,0,1,6.83333333333333,48.0,1,1
90348502104.0,90348502,903485021,9,9,28,1,Hombre,4.0,2,No tiene discapacidad,4,4.0,0.0,0.0,0.0,4.0,0.0,0.0,0.0,3938,1,0,0,0,1,0,0,0,1,4.0,0.0,0,0
90348503101.0,90348503,903485031,9,9,42,1,Hombre,4.0,2,No tiene discapacidad,1,19.0,0.0,0.0,18.5,0.5,0.0,40.0,0.0,3975,1,0,0,1,1,0,1,0,1,19.0,40.0,1,1
91255301103.0,91255301,912553011,9,9,26,2,Mujer,4.0,2,No tiene discapacidad,1,1.0,0.0,0.0,0.0,1.0,0.0,40.0,0.0,3513,1,0,0,0,1,0,1,0,1,1.0,40.0,1,1
91255302101.0,91255302,912553021,9,9,75,1,Hombre,4.0,2,No tiene discapacidad,3,3.0,0.0,0.0,0.0,0.0,3.0,0.0,0.0,3603,1,0,0,0,0,1,0,0,1,3.0,0.0,0,0
91255302102.0,91255302,912553021,9,9,61,2,Mujer,4.0,2,No tiene discapacidad,5,2.0,0.0,0.0,0.0,0.0,2.0,0.0,0.0,3485,1,0,0,0,0,1,0,0,1,2.0,0.0,0,0
91255303101.0,91255303,912553031,9,9,55,1,Hombre,4.0,2,No tiene discapacidad,1,16.91666666666666,0.0,0.0,11.91666666666666,5.0,0.0,28.0,0.0,3554,1,0,0,1,1,0,1,0,1,16.91666666666666,28.0,1,1
91944403103.0,91944403,919444031,9,9,32,2,Mujer,3.0,2,No tiene discapacidad,1,21.33333333333333,0.0,0.0,20.83333333333333,0.0,0.5,48.0,0.0,4448,1,0,0,1,0,1,1,0,1,21.33333333333333,48.0,1,1
91944404101.0,91944404,919444041,9,9,35,1,Hombre,4.0,2,No tiene discapacidad,1,22.0,0.0,0.0,0.0,22.0,0.0,20.0,0.0,4507,1,0,0,0,1,0,1,0,1,22.0,20.0,1,1
91944404102.0,91944404,919444041,9,9,31,2,Mujer,4.0,2,No tiene discapacidad,1,9.0,0.0,0.0,0.0,9.0,0.0,40.0,0.0,4448,1,0,0,0,1,0,1,0,1,9.0,40.0,1,1
91953701101.0,91953701,919537011,9,9,64,2,Mujer,3.0,2,No tiene discapacidad,1,3.63333333333333,0.0,0.0,0.0,3.63333333333333,0.0,21.0,0.0,2421,1,0,0,0,1,0,1,0,1,3.63333333333333,21.0,1,1
90719705103.0,90719705,907197051,9,9,17,2,Mujer,3.0,2,No tiene discapacidad,4,0.16666666666666,0.0,0.0,0.0,0.16666666666666,0.0,0.0,0.0,4826,1,0,0,0,1,0,0,0,1,0.16666666666666,0.0,0,0
90348503102.0,90348503,903485031,9,9,43,2,Mujer,4.0,2,No tiene discapacidad,1,8.5,0.0,0.0,8.0,0.5,0.0,45.0,0.0,3847,1,0,0,1,1,0,1,0,1,8.5,45.0,1,1
90348504101.0,90348504,903485041,9,9,58,2,Mujer,3.0,2,No tiene discapacidad,1,1.0,0.0,0.0,0.0,1.0,0.0,30.0,0.0,3809,1,0,0,0,1,0,1,0,1,1.0,30.0,1,1
91230804106.0,91230804,912308041,9,9,27,2,Mujer,4.0,2,No tiene discapacidad,1,8.0,0.0,0.0,0.0,4.0,4.0,9.0,0.0,3100,1,0,0,0,1,1,1,0,1,8.0,9.0,1,1
91255303102.0,91255303,912553031,9,9,56,2,Mujer,5.0,2,No tiene discapacidad,5,33.83333333333333,0.0,0.0,25.83333333333333,8.0,0.0,0.0,0.0,3455,1,0,0,1,1,0,0,0,1,33.83333333333333,0.0,0,0
91255305101.0,91255305,912553051,9,9,60,2,Mujer,3.0,2,No tiene discapacidad,3,5.83333333333333,4.83333333333333,0.0,0.0,1.0,0.0,0.0,0.0,3485,1,1,0,0,1,0,0,0,1,5.83333333333333,0.0,0,0
91255305102.0,91255305,912553051,9,9,27,1,Hombre,4.0,2,No tiene discapacidad,1,10.91666666666666,10.41666666666666,0.0,0.0,0.0,0.5,45.0,0.0,3572,1,1,0,0,0,1,1,0,1,10.91666666666666,45.0,1,1
91264201101.0,91264201,912642011,9,9,65,2,Mujer,3.0,2,No tiene discapacidad,5,15.83333333333333,0.0,15.83333333333333,0.0,0.0,0.0,0.0,0.0,3720,1,0,1,0,0,0,0,0,1,15.83333333333333,0.0,0,0
91264201102.0,91264201,912642011,9,9,39,2,Mujer,4.0,2,No tiene discapacidad,1,36.8,0.0,36.8,0.0,0.0,0.0,40.0,0.0,3693,1,0,1,0,0,0,1,0,1,36.8,40.0,1,1
90704001101.0,90704001,907040011,9,9,57,1,Hombre,2.0,2,No tiene discapacidad,1,2.41666666666666,0.0,0.0,1.91666666666666,0.5,0.0,63.0,0.0,4561,1,0,0,1,1,0,1,0,1,2.41666666666666,63.0,1,1
90704001102.0,90704001,907040011,9,9,50,2,Mujer,2.0,2,No tiene discapacidad,1,2.33333333333333,0.0,0.0,2.33333333333333,0.0,0.0,42.0,0.0,4506,1,0,0,1,0,0,1,0,1,2.33333333333333,42.0,1,1
90704001103.0,90704001,907040011,9,9,22,1,Hombre,4.0,2,No tiene discapacidad,4,10.83333333333333,0.0,0.0,4.16666666666666,6.66666666666666,0.0,0.0,0.0,4609,1,0,0,1,1,0,0,0,1,10.83333333333333,0.0,0,0
91230805102.0,91230805,912308051,9,9,42,2,Mujer,4.0,2,No tiene discapacidad,1,0.5,0.0,0.0,0.0,0.0,0.5,40.0,0.0,3079,1,0,0,0,0,1,1,0,1,0.5,40.0,1,1
91237801101.0,91237801,912378011,9,9,46,2,Mujer,4.0,2,No tiene discapacidad,5,8.5,0.0,0.0,8.5,0.0,0.0,0.0,0.0,3501,1,0,0,1,0,0,0,0,1,8.5,0.0,0,0
91237803101.0,91237803,912378031,9,9,33,1,Hombre,4.0,2,No tiene discapacidad,1,6.5,0.0,1.5,1.5,3.5,0.0,80.0,0.0,3614,1,0,1,1,1,0,1,0,1,6.5,80.0,1,1
91237803102.0,91237803,912378031,9,9,32,2,Mujer,3.0,2,No tiene discapacidad,1,30.91666666666666,0.0,20.41666666666666,7.0,3.5,0.0,0.0,0.0,3512,1,0,1,1,1,0,0,0,1,30.91666666666666,0.0,0,0
91264203102.0,91264203,912642031,9,9,39,2,Mujer,2.0,2,No tiene discapacidad,1,2.5,0.0,0.0,2.5,0.0,0.0,56.0,0.0,3693,1,0,0,1,0,0,1,0,1,2.5,56.0,1,1
91264203103.0,91264203,912642031,9,9,36,1,Hombre,2.0,2,No tiene discapacidad,1,0.33333333333333,0.0,0.0,0.0,0.33333333333333,0.0,45.0,0.0,3747,1,0,0,0,1,0,1,0,1,0.33333333333333,45.0,1,1
91264203104.0,91264203,912642031,9,9,20,1,Hombre,3.0,2,No tiene discapacidad,1,0.83333333333333,0.0,0.0,0.83333333333333,0.0,0.0,80.0,0.0,3801,1,0,0,1,0,0,1,0,1,0.83333333333333,80.0,1,1
91264203105.0,91264203,912642031,9,9,18,1,Hombre,3.0,2,No tiene discapacidad,1,2.58333333333333,0.0,0.0,2.08333333333333,0.5,0.0,72.0,0.0,3771,1,0,0,1,1,0,1,0,1,2.58333333333333,72.0,1,1
91264204101.0,91264204,912642041,9,9,43,2,Mujer,2.0,2,No tiene discapacidad,5,4.91666666666666,0.0,0.0,0.0,3.0,1.91666666666666,0.0,0.0,3693,1,0,0,0,1,1,0,0,1,4.91666666666666,0.0,0,0
90704003101.0,90704003,907040031,9,9,33,1,Hombre,5.0,2,No tiene discapacidad,1,0.33333333333333,0.0,0.0,0.0,0.33333333333333,0.0,35.0,0.0,4615,1,0,0,0,1,0,1,0,1,0.33333333333333,35.0,1,1
90704004101.0,90704004,907040041,9,9,74,1,Hombre,2.0,1,Sí tiene discapacidad,3,0.25,0.25,0.0,0.0,0.0,0.0,0.0,0.0,4487,1,1,0,0,0,0,0,0,1,0.25,0.0,0,0
90704004103.0,90704004,907040041,9,9,48,1,Hombre,3.0,2,No tiene discapacidad,1,2.16666666666666,0.16666666666666,0.0,0.0,2.0,0.0,40.0,0.0,4571,1,1,0,0,1,0,1,0,1,2.16666666666666,40.0,1,1
90704004104.0,90704004,907040041,9,9,46,2,Mujer,4.0,2,No tiene discapacidad,1,5.66666666666666,5.66666666666666,0.0,0.0,0.0,0.0,32.0,0.0,4470,1,1,0,0,0,0,1,0,1,5.66666666666666,32.0,1,1
91237804101.0,91237804,912378041,9,9,30,1,Hombre,2.0,2,No tiene discapacidad,1,15.66666666666666,0.0,15.66666666666666,0.0,0.0,0.0,50.0,0.0,3614,1,0,1,0,0,0,1,0,1,15.66666666666666,50.0,1,1
91237804102.0,91237804,912378041,9,9,32,2,Mujer,2.0,2,No tiene discapacidad,1,15.16666666666666,0.0,15.16666666666666,0.0,0.0,0.0,42.0,0.0,3512,1,0,1,0,0,0,1,0,1,15.16666666666666,42.0,1,1
91237805104.0,91237805,912378051,9,9,35,1,Hombre,5.0,2,No tiene discapacidad,1,0.25,0.0,0.0,0.0,0.0,0.25,45.0,0.0,3558,1,0,0,0,0,1,1,0,1,0.25,45.0,1,1
91264204103.0,91264204,912642041,9,9,25,2,Mujer,5.0,2,No tiene discapacidad,1,0.5,0.0,0.0,0.0,0.5,0.0,37.0,0.0,3718,1,0,0,0,1,0,1,0,1,0.5,37.0,1,1
91264204104.0,91264204,912642041,9,9,20,2,Mujer,3.0,2,No tiene discapacidad,5,1.0,0.0,0.0,0.0,0.0,1.0,0.0,0.0,3762,1,0,0,0,0,1,0,0,1,1.0,0.0,0,0
91264205101.0,91264205,912642051,9,9,32,1,Hombre,2.0,2,No tiene discapacidad,1,4.5,0.0,0.0,4.5,0.0,0.0,60.0,0.0,3806,1,0,0,1,0,0,1,0,1,4.5,60.0,1,1
91264205102.0,91264205,912642051,9,9,30,2,Mujer,4.0,2,No tiene discapacidad,5,24.41666666666666,0.0,0.0,24.41666666666666,0.0,0.0,0.0,0.0,3698,1,0,0,1,0,0,0,0,1,24.41666666666666,0.0,0,0
91317701101.0,91317701,913177011,9,9,78,1,Hombre,3.0,2,No tiene discapacidad,3,6.0,0.0,0.0,0.0,0.0,6.0,0.0,0.0,3387,1,0,0,0,0,1,0,0,1,6.0,0.0,0,0
90704004106.0,90704004,907040041,9,9,21,1,Hombre,4.0,2,No tiene discapacidad,4,0.66666666666666,0.66666666666666,0.0,0.0,0.0,0.0,0.0,0.0,4609,1,1,0,0,0,0,0,0,1,0.66666666666666,0.0,0,0
90704004107.0,90704004,907040041,9,9,20,1,Hombre,4.0,2,No tiene discapacidad,4,5.0,0.0,0.0,0.0,5.0,0.0,0.0,0.0,4609,1,0,0,0,1,0,0,0,1,5.0,0.0,0,0
90719703101.0,90719703,907197031,9,9,82,2,Mujer,2.0,1,Sí tiene discapacidad,1,0.41666666666666,0.0,0.0,0.41666666666666,0.0,0.0,70.0,0.0,4905,1,0,0,1,0,0,1,0,1,0.41666666666666,70.0,1,1
91253101102.0,91253101,912531011,9,9,37,2,Mujer,4.0,2,No tiene discapacidad,1,30.98333333333333,0.0,21.48333333333333,7.5,2.0,0.0,40.0,0.0,4241,1,0,1,1,1,0,1,0,1,30.98333333333333,40.0,1,1
91253101103.0,91253101,912531011,9,9,42,2,Mujer,4.0,2,No tiene discapacidad,1,14.5,0.0,7.5,3.0,4.0,0.0,20.0,0.0,4241,1,0,1,1,1,0,1,0,1,14.5,20.0,1,1
91253101104.0,91253101,912531011,9,9,23,2,Mujer,4.0,2,No tiene discapacidad,5,27.91666666666666,0.0,16.5,1.41666666666666,10.0,0.0,0.0,0.0,4320,1,0,1,1,1,0,0,0,1,27.91666666666666,0.0,0,0
91253101105.0,91253101,912531011,9,9,20,1,Hombre,3.0,2,No tiene discapacidad,2,0.5,0.0,0.0,0.0,0.5,0.0,0.0,6.0,4365,1,0,0,0,1,0,0,1,1,0.5,0.0,0,0
91581001104.0,91581001,915810011,9,9,18,1,Hombre,2.0,2,No tiene discapacidad,1,3.5,0.0,0.0,0.0,3.5,0.0,70.0,0.0,4902,1,0,0,0,1,0,1,0,1,3.5,70.0,1,1
91581002101.0,91581002,915810021,9,9,37,1,Hombre,4.0,2,No tiene discapacidad,1,5.0,0.0,0.0,4.0,1.0,0.0,35.0,0.0,4871,1,0,0,1,1,0,1,0,1,5.0,35.0,1,1
91581002102.0,91581002,915810021,9,9,37,2,Mujer,4.0,2,No tiene discapacidad,1,30.66666666666666,0.0,0.0,22.16666666666666,8.5,0.0,25.0,0.0,4801,1,0,0,1,1,0,1,0,1,30.66666666666666,25.0,1,1
91581003101.0,91581003,915810031,9,9,45,2,Mujer,2.0,1,Sí tiene discapacidad,1,2.33333333333333,0.0,0.0,0.0,2.33333333333333,0.0,58.0,0.0,4792,1,0,0,0,1,0,1,0,1,2.33333333333333,58.0,1,1
91581003102.0,91581003,915810031,9,9,44,1,Hombre,2.0,2,No tiene discapacidad,1,3.0,0.0,0.0,0.0,3.0,0.0,49.0,0.0,4961,1,0,0,0,1,0,1,0,1,3.0,49.0,1,1
91581004101.0,91581004,915810041,9,9,48,1,Hombre,4.0,2,No tiene discapacidad,1,3.83333333333333,0.0,0.0,0.0,3.83333333333333,0.0,6.0,0.0,4900,1,0,0,0,1,0,1,0,1,3.83333333333333,6.0,1,1
91581004102.0,91581004,915810041,9,9,49,2,Mujer,3.0,2,No tiene discapacidad,1,4.0,0.0,0.0,0.0,4.0,0.0,2.0,0.0,4792,1,0,0,0,1,0,1,0,1,4.0,2.0,1,1
90719705101.0,90719705,907197051,9,9,55,1,Hombre,2.0,1,Sí tiene discapacidad,1,7.0,0.0,0.0,0.0,7.0,0.0,63.0,0.0,4802,1,0,0,0,1,0,1,0,1,7.0,63.0,1,1
90719705102.0,90719705,907197051,9,9,41,2,Mujer,1.0,2,No tiene discapacidad,5,11.0,0.0,0.0,0.0,11.0,0.0,0.0,0.0,4714,1,0,0,0,1,0,0,0,1,11.0,0.0,0,0
90776605101.0,90776605,907766051,9,9,39,1,Hombre,4.0,2,No tiene discapacidad,1,49.66666666666666,0.0,12.33333333333333,22.33333333333333,15.0,0.0,40.0,0.0,3915,1,0,1,1,1,0,1,0,1,49.66666666666666,40.0,1,1
90776605102.0,90776605,907766051,9,9,36,2,Mujer,4.0,2,No tiene discapacidad,1,59.61666666666666,0.0,17.95,34.66666666666666,7.0,0.0,7.0,0.0,3859,1,0,1,1,1,0,1,0,1,59.61666666666666,7.0,1,1
91253104101.0,91253104,912531041,9,9,63,1,Hombre,3.0,2,No tiene discapacidad,3,12.0,0.0,0.0,0.0,5.0,7.0,0.0,0.0,4277,1,0,0,0,1,1,0,0,1,12.0,0.0,0,0
91253104102.0,91253104,912531041,9,9,60,2,Mujer,3.0,2,No tiene discapacidad,1,1.33333333333333,0.0,0.0,0.0,0.16666666666666,1.16666666666666,35.0,0.0,4235,1,0,0,0,1,1,1,0,1,1.33333333333333,35.0,1,1
91253104104.0,91253104,912531041,9,9,28,1,Hombre,4.0,2,No tiene discapacidad,2,6.33333333333333,0.0,0.0,0.0,3.33333333333333,3.0,0.0,8.0,4341,1,0,0,0,1,1,0,1,1,6.33333333333333,0.0,0,0
91253105101.0,91253105,912531051,9,9,50,1,Hombre,4.0,2,No tiene discapacidad,1,10.0,0.0,0.0,0.0,10.0,0.0,70.0,0.0,4308,1,0,0,0,1,0,1,0,1,10.0,70.0,1,1
91253105102.0,91253105,912531051,9,9,51,2,Mujer,4.0,2,No tiene discapacidad,1,2.83333333333333,0.0,0.0,0.0,2.66666666666666,0.16666666666666,18.0,0.0,4267,1,0,0,0,1,1,1,0,1,2.83333333333333,18.0,1,1
91581004103.0,91581004,915810041,9,9,24,1,Hombre,3.0,2,No tiene discapacidad,1,7.0,0.0,0.0,0.0,7.0,0.0,25.0,0.0,4941,1,0,0,0,1,0,1,0,1,7.0,25.0,1,1
91581005101.0,91581005,915810051,9,9,73,1,Hombre,2.0,2,No tiene discapacidad,1,6.5,0.0,0.0,6.5,0.0,0.0,21.0,0.0,4811,1,0,0,1,0,0,1,0,1,6.5,21.0,1,1
91581005102.0,91581005,915810051,9,9,67,2,Mujer,2.0,2,No tiene discapacidad,1,25.08333333333333,0.0,0.0,20.08333333333333,4.0,1.0,7.0,0.0,4835,1,0,0,1,1,1,1,0,1,25.08333333333333,7.0,1,1
91581005103.0,91581005,915810051,9,9,35,2,Mujer,4.0,2,No tiene discapacidad,1,12.41666666666666,0.0,0.0,8.91666666666666,0.0,3.5,40.0,0.0,4801,1,0,0,1,0,1,1,0,1,12.41666666666666,40.0,1,1
91583101101.0,91583101,915831011,9,9,55,2,Mujer,4.0,2,No tiene discapacidad,5,10.0,0.0,0.0,3.0,7.0,0.0,0.0,0.0,5223,1,0,0,1,1,0,0,0,1,10.0,0.0,0,0
91583101102.0,91583101,915831011,9,9,33,2,Mujer,4.0,2,No tiene discapacidad,1,71.96666666666665,27.91666666666666,0.0,44.05,0.0,0.0,7.0,0.0,5282,1,1,0,1,0,0,1,0,1,71.96666666666665,7.0,1,1
91583102101.0,91583102,915831021,9,9,56,1,Hombre,4.0,2,No tiene discapacidad,1,7.0,0.0,0.0,0.0,7.0,0.0,30.0,0.0,5373,1,0,0,0,1,0,1,0,1,7.0,30.0,1,1
90837201101.0,90837201,908372011,9,9,44,1,Hombre,2.0,1,Sí tiene discapacidad,1,7.0,0.0,0.0,0.0,7.0,0.0,53.0,0.0,3276,1,0,0,0,1,0,1,0,1,7.0,53.0,1,1
90837201102.0,90837201,908372011,9,9,44,2,Mujer,3.0,2,No tiene discapacidad,1,9.33333333333333,9.33333333333333,0.0,0.0,0.0,0.0,50.0,0.0,3170,1,1,0,0,0,0,1,0,1,9.33333333333333,50.0,1,1
90837204101.0,90837204,908372041,9,9,45,1,Hombre,4.0,2,No tiene discapacidad,1,29.66666666666666,9.66666666666666,0.0,20.0,0.0,0.0,50.0,0.0,3236,1,1,0,1,0,0,1,0,1,29.66666666666666,50.0,1,1
90837204102.0,90837204,908372041,9,9,34,2,Mujer,3.0,1,Sí tiene discapacidad,1,64.25,0.0,0.0,40.0,24.25,0.0,5.0,0.0,3175,1,0,0,1,1,0,1,0,1,64.25,5.0,1,1
91506903101.0,91506903,915069031,9,9,46,1,Hombre,4.0,1,Sí tiene discapacidad,1,10.0,0.0,10.0,0.0,0.0,0.0,10.16666666666666,0.0,4373,1,0,1,0,0,0,1,0,1,10.0,10.16666666666666,1,1
91506903102.0,91506903,915069031,9,9,39,2,Mujer,4.0,2,No tiene discapacidad,1,12.5,0.0,12.5,0.0,0.0,0.0,50.0,0.0,4284,1,0,1,0,0,0,1,0,1,12.5,50.0,1,1
91506904101.0,91506904,915069041,9,9,68,1,Hombre,4.0,2,No tiene discapacidad,1,0.33333333333333,0.0,0.0,0.0,0.16666666666666,0.16666666666666,6.0,0.0,4314,1,0,0,0,1,1,1,0,1,0.33333333333333,6.0,1,1
91506904102.0,91506904,915069041,9,9,67,2,Mujer,4.0,2,No tiene discapacidad,5,7.0,0.0,0.0,0.0,0.0,7.0,0.0,0.0,4315,1,0,0,0,0,1,0,0,1,7.0,0.0,0,0
91583102102.0,91583102,915831021,9,9,52,2,Mujer,3.0,2,No tiene discapacidad,1,4.33333333333333,0.0,0.0,0.0,4.33333333333333,0.0,79.5,0.0,5308,1,0,0,0,1,0,1,0,1,4.33333333333333,79.5,1,1
91583102103.0,91583102,915831021,9,9,32,2,Mujer,5.0,2,No tiene discapacidad,1,1.0,0.0,0.0,0.0,1.0,0.0,42.0,0.0,5282,1,0,0,0,1,0,1,0,1,1.0,42.0,1,1
91583102104.0,91583102,915831021,9,9,24,2,Mujer,4.0,2,No tiene discapacidad,1,0.16666666666666,0.0,0.0,0.0,0.16666666666666,0.0,6.0,0.0,5373,1,0,0,0,1,0,1,0,1,0.16666666666666,6.0,1,1
91583104101.0,91583104,915831041,9,9,51,2,Mujer,2.0,2,No tiene discapacidad,1,1.66666666666666,0.0,0.0,0.0,1.66666666666666,0.0,54.0,0.0,5308,1,0,0,0,1,0,1,0,1,1.66666666666666,54.0,1,1
91583104102.0,91583104,915831041,9,9,26,2,Mujer,4.0,2,No tiene discapacidad,1,3.66666666666666,0.0,0.0,0.0,3.66666666666666,0.0,50.0,0.0,5311,1,0,0,0,1,0,1,0,1,3.66666666666666,50.0,1,1
91583105101.0,91583105,915831051,9,9,53,1,Hombre,3.0,2,No tiene discapacidad,1,4.0,0.0,0.0,0.0,4.0,0.0,120.0,0.0,5359,1,0,0,0,1,0,1,0,1,4.0,120.0,1,1
90861101102.0,90861101,908611011,9,9,55,1,Hombre,3.0,2,No tiene discapacidad,1,5.5,0.0,0.0,0.0,0.5,5.0,70.0,0.0,4135,1,0,0,0,1,1,1,0,1,5.5,70.0,1,1
90861102101.0,90861102,908611021,9,9,65,1,Hombre,2.0,2,No tiene discapacidad,1,1.16666666666666,0.0,0.0,0.0,1.16666666666666,0.0,50.0,0.0,4087,1,0,0,0,1,0,1,0,1,1.16666666666666,50.0,1,1
90861102103.0,90861102,908611021,9,9,32,1,Hombre,2.0,2,No tiene discapacidad,1,0.08333333333333,0.0,0.0,0.0,0.08333333333333,0.0,48.0,0.0,4183,1,0,0,0,1,0,1,0,1,0.08333333333333,48.0,1,1
90861103101.0,90861103,908611031,9,9,61,1,Hombre,3.0,1,Sí tiene discapacidad,1,7.0,0.0,0.0,0.0,7.0,0.0,35.0,0.0,4094,1,0,0,0,1,0,1,0,1,7.0,35.0,1,1
90861103102.0,90861103,908611031,9,9,54,2,Mujer,3.0,2,No tiene discapacidad,1,3.5,0.0,0.0,0.0,0.0,3.5,42.0,0.0,4085,1,0,0,0,0,1,1,0,1,3.5,42.0,1,1
91553403101.0,91553403,915534031,9,9,72,2,Mujer,1.0,1,Sí tiene discapacidad,5,18.91666666666666,0.0,18.91666666666666,0.0,0.0,0.0,0.0,0.0,3453,1,0,1,0,0,0,0,0,1,18.91666666666666,0.0,0,0
91566301101.0,91566301,915663011,9,9,76,2,Mujer,4.0,2,No tiene discapacidad,1,2.5,0.0,0.0,0.0,2.5,0.0,5.0,0.0,3602,1,0,0,0,1,0,1,0,1,2.5,5.0,1,1
91566301102.0,91566301,915663011,9,9,51,2,Mujer,4.0,2,No tiene discapacidad,1,8.5,0.0,0.0,0.0,8.5,0.0,30.0,0.0,3570,1,0,0,0,1,0,1,0,1,8.5,30.0,1,1
91958705101.0,91958705,919587051,9,9,40,1,Hombre,4.0,2,No tiene discapacidad,1,6.5,0.0,0.0,6.5,0.0,0.0,40.0,0.0,4219,1,0,0,1,0,0,1,0,1,6.5,40.0,1,1
91958705102.0,91958705,919587051,9,9,40,2,Mujer,4.0,2,No tiene discapacidad,1,12.63333333333333,0.0,0.0,10.63333333333333,2.0,0.0,30.0,0.0,4083,1,0,0,1,1,0,1,0,1,12.63333333333333,30.0,1,1
91959101101.0,91959101,919591011,9,9,54,1,Hombre,4.0,2,No tiene discapacidad,1,3.0,0.0,0.0,0.0,3.0,0.0,45.0,0.0,3996,1,0,0,0,1,0,1,0,1,3.0,45.0,1,1
91715703104.0,91715703,917157031,9,9,20,1,Hombre,2.0,2,No tiene discapacidad,1,0.5,0.0,0.0,0.0,0.5,0.0,54.0,0.0,3665,1,0,0,0,1,0,1,0,1,0.5,54.0,1,1
91715704101.0,91715704,917157041,9,9,38,2,Mujer,3.0,2,No tiene discapacidad,1,6.83333333333333,0.0,0.0,6.83333333333333,0.0,0.0,51.0,0.0,3561,1,0,0,1,0,0,1,0,1,6.83333333333333,51.0,1,1
91715704102.0,91715704,917157041,9,9,19,2,Mujer,3.0,2,No tiene discapacidad,1,7.66666666666666,0.0,0.0,5.66666666666666,2.0,0.0,20.0,0.0,3623,1,0,0,1,1,0,1,0,1,7.66666666666666,20.0,1,1
91715704104.0,91715704,917157041,9,9,20,1,Hombre,4.0,2,No tiene discapacidad,1,3.83333333333333,0.0,0.0,1.83333333333333,2.0,0.0,54.0,0.0,3665,1,0,0,1,1,0,1,0,1,3.83333333333333,54.0,1,1
90020305101.0,90020305,900203051,9,9,31,1,Hombre,3.0,2,No tiene discapacidad,1,14.41666666666666,0.0,12.91666666666666,0.0,1.5,0.0,60.0,0.0,4010,1,0,1,0,1,0,1,0,1,14.41666666666666,60.0,1,1
90020305102.0,90020305,900203051,9,9,30,2,Mujer,3.0,2,No tiene discapacidad,1,22.5,0.0,22.5,0.0,0.0,0.0,20.0,0.0,3896,1,0,1,0,0,0,1,0,1,22.5,20.0,1,1
90027001101.0,90027001,900270011,9,9,71,1,Hombre,2.0,2,No tiene discapacidad,3,5.0,0.0,0.0,0.0,0.0,5.0,0.0,0.0,3512,1,0,0,0,0,1,0,0,1,5.0,0.0,0,0
90027001102.0,90027001,900270011,9,9,68,2,Mujer,2.0,2,No tiene discapacidad,5,2.0,0.0,0.0,0.0,0.0,2.0,0.0,0.0,3530,1,0,0,0,0,1,0,0,1,2.0,0.0,0,0
90027001103.0,90027001,900270011,9,9,35,1,Hombre,2.0,2,No tiene discapacidad,1,4.33333333333333,0.0,0.0,0.0,4.33333333333333,0.0,40.0,0.0,3556,1,0,0,0,1,0,1,0,1,4.33333333333333,40.0,1,1
90027001104.0,90027001,900270011,9,9,30,2,Mujer,4.0,2,No tiene discapacidad,1,0.75,0.0,0.0,0.0,0.75,0.0,35.0,0.0,3509,1,0,0,0,1,0,1,0,1,0.75,35.0,1,1
91678102101.0,91678102,916781021,9,9,67,1,Hombre,4.0,2,No tiene discapacidad,1,7.0,0.0,0.0,0.0,7.0,0.0,60.0,0.0,4069,1,0,0,0,1,0,1,0,1,7.0,60.0,1,1
91678104102.0,91678104,916781041,9,9,28,2,Mujer,4.0,2,No tiene discapacidad,2,11.0,0.0,0.0,0.0,11.0,0.0,0.0,20.0,4068,1,0,0,0,1,0,0,1,1,11.0,0.0,0,0
91689301101.0,91689301,916893011,9,9,30,2,Mujer,4.0,2,No tiene discapacidad,1,7.0,0.0,0.0,0.0,7.0,0.0,50.0,0.0,3407,1,0,0,0,1,0,1,0,1,7.0,50.0,1,1
90744103101.0,90744103,907441031,9,9,33,1,Hombre,3.0,2,No tiene discapacidad,1,7.5,0.0,0.0,0.0,7.5,0.0,64.0,0.0,4734,1,0,0,0,1,0,1,0,1,7.5,64.0,1,1
91715705101.0,91715705,917157051,9,9,74,2,Mujer,4.0,2,No tiene discapacidad,3,1.0,0.0,0.0,0.0,1.0,0.0,0.0,0.0,3614,1,0,0,0,1,0,0,0,1,1.0,0.0,0,0
91715705102.0,91715705,917157051,9,9,50,2,Mujer,2.0,2,No tiene discapacidad,1,1.75,1.75,0.0,0.0,0.0,0.0,30.0,0.0,3583,1,1,0,0,0,0,1,0,1,1.75,30.0,1,1
91727303103.0,91727303,917273031,9,9,28,2,Mujer,4.0,2,No tiene discapacidad,1,1.0,0.0,0.0,0.0,1.0,0.0,40.0,0.0,3696,1,0,0,0,1,0,1,0,1,1.0,40.0,1,1
90027002103.0,90027002,900270021,9,9,60,1,Hombre,2.0,2,No tiene discapacidad,1,0.5,0.0,0.0,0.0,0.5,0.0,30.0,0.0,3535,1,0,0,0,1,0,1,0,1,0.5,30.0,1,1
90027004101.0,90027004,900270041,9,9,36,1,Hombre,3.0,2,No tiene discapacidad,1,3.0,0.0,0.0,3.0,0.0,0.0,50.0,0.0,3556,1,0,0,1,0,0,1,0,1,3.0,50.0,1,1
90027004102.0,90027004,900270041,9,9,40,2,Mujer,4.0,2,No tiene discapacidad,5,13.5,0.0,0.0,12.5,1.0,0.0,0.0,0.0,3505,1,0,0,1,1,0,0,0,1,13.5,0.0,0,0
91689301102.0,91689301,916893011,9,9,28,2,Mujer,4.0,2,No tiene discapacidad,1,5.0,0.0,0.0,0.0,5.0,0.0,40.0,0.0,3425,1,0,0,0,1,0,1,0,1,5.0,40.0,1,1
91689302102.0,91689302,916893021,9,9,30,1,Hombre,3.0,2,No tiene discapacidad,2,0.5,0.0,0.0,0.0,0.0,0.5,0.0,25.0,3506,1,0,0,0,0,1,0,1,1,0.5,0.0,0,0
91689304101.0,91689304,916893041,9,9,48,2,Mujer,5.0,2,No tiene discapacidad,1,8.0,0.0,0.0,0.0,0.0,8.0,2.5,0.0,3397,1,0,0,0,0,1,1,0,1,8.0,2.5,1,1
91689304102.0,91689304,916893041,9,9,73,2,Mujer,3.0,2,No tiene discapacidad,5,10.0,0.0,0.0,0.0,10.0,0.0,0.0,0.0,3453,1,0,0,0,1,0,0,0,1,10.0,0.0,0,0
91689305101.0,91689305,916893051,9,9,64,1,Hombre,5.0,2,No tiene discapacidad,3,7.0,0.0,0.0,0.0,0.0,7.0,0.0,0.0,3431,1,0,0,0,0,1,0,0,1,7.0,0.0,0,0
90027005102.0,90027005,900270051,9,9,40,2,Mujer,3.0,2,No tiene discapacidad,1,3.5,0.0,0.0,0.0,2.5,1.0,58.0,0.0,3505,1,0,0,0,1,1,1,0,1,3.5,58.0,1,1
90044301101.0,90044301,900443011,9,9,69,2,Mujer,3.0,2,No tiene discapacidad,3,3.08333333333333,0.0,0.0,0.0,0.5,2.58333333333333,0.0,0.0,3018,1,0,0,0,1,1,0,0,1,3.08333333333333,0.0,0,0
90044301103.0,90044301,900443011,9,9,40,1,Hombre,4.0,2,No tiene discapacidad,1,0.33333333333333,0.0,0.0,0.0,0.0,0.33333333333333,40.0,0.0,3097,1,0,0,0,0,1,1,0,1,0.33333333333333,40.0,1,1
90044301104.0,90044301,900443011,9,9,37,1,Hombre,3.0,2,No tiene discapacidad,1,4.83333333333333,0.0,0.0,0.0,4.5,0.33333333333333,40.0,0.0,3041,1,0,0,0,1,1,1,0,1,4.83333333333333,40.0,1,1
90044301105.0,90044301,900443011,9,9,16,1,Hombre,3.0,2,No tiene discapacidad,4,1.16666666666666,0.0,0.0,0.0,1.16666666666666,0.0,0.0,0.0,3060,1,0,0,0,1,0,0,0,1,1.16666666666666,0.0,0,0
91776704101.0,91776704,917767041,9,9,40,1,Hombre,5.0,2,No tiene discapacidad,1,17.25,0.0,0.0,10.25,7.0,0.0,4.0,0.0,3443,1,0,0,1,1,0,1,0,1,17.25,4.0,1,1
91776704102.0,91776704,917767041,9,9,33,2,Mujer,4.0,2,No tiene discapacidad,1,29.25,0.0,0.0,25.75,3.5,0.0,40.0,0.0,3336,1,0,0,1,1,0,1,0,1,29.25,40.0,1,1
91776705101.0,91776705,917767051,9,9,75,1,Hombre,2.0,1,Sí tiene discapacidad,1,4.16666666666666,0.0,0.0,0.0,3.0,1.16666666666666,56.0,0.0,3440,1,0,0,0,1,1,1,0,1,4.16666666666666,56.0,1,1
91776705102.0,91776705,917767051,9,9,73,2,Mujer,2.0,2,No tiene discapacidad,5,1.5,0.0,0.0,0.0,1.5,0.0,0.0,0.0,3381,1,0,0,0,1,0,0,0,1,1.5,0.0,0,0
91776705103.0,91776705,917767051,9,9,52,2,Mujer,4.0,2,No tiene discapacidad,1,7.5,0.0,0.0,0.0,5.5,2.0,45.0,0.0,3352,1,0,0,0,1,1,1,0,1,7.5,45.0,1,1
91689305102.0,91689305,916893051,9,9,63,2,Mujer,4.0,2,No tiene discapacidad,5,7.0,0.0,0.0,0.0,0.0,7.0,0.0,0.0,3398,1,0,0,0,0,1,0,0,1,7.0,0.0,0,0
91695801101.0,91695801,916958011,9,9,57,1,Hombre,5.0,2,No tiene discapacidad,1,11.0,0.0,0.0,0.0,11.0,0.0,40.0,0.0,2876,1,0,0,0,1,0,1,0,1,11.0,40.0,1,1
91695801102.0,91695801,916958011,9,9,49,2,Mujer,3.0,2,No tiene discapacidad,5,10.0,0.0,0.0,0.0,10.0,0.0,0.0,0.0,2818,1,0,0,0,1,0,0,0,1,10.0,0.0,0,0
91695801103.0,91695801,916958011,9,9,21,2,Mujer,4.0,2,No tiene discapacidad,4,12.33333333333333,0.0,0.0,0.0,12.33333333333333,0.0,0.0,0.0,2876,1,0,0,0,1,0,0,0,1,12.33333333333333,0.0,0,0
91695803101.0,91695803,916958031,9,9,86,2,Mujer,4.0,2,No tiene discapacidad,3,7.0,0.0,0.0,0.0,0.0,7.0,0.0,0.0,3136,1,0,0,0,0,1,0,0,1,7.0,0.0,0,0
92038403106.0,92038403,920384031,9,9,20,1,Hombre,3.0,2,No tiene discapacidad,4,1.33333333333333,0.0,0.0,0.0,1.33333333333333,0.0,0.0,0.0,3984,1,0,0,0,1,0,0,0,1,1.33333333333333,0.0,0,0
92038404102.0,92038404,920384041,9,9,40,2,Mujer,4.0,2,No tiene discapacidad,1,9.0,0.0,0.0,0.0,0.0,9.0,56.0,0.0,3871,1,0,0,0,0,1,1,0,1,9.0,56.0,1,1
90957205103.0,90957205,909572051,9,9,15,2,Mujer,2.0,2,No tiene discapacidad,4,3.75,3.75,0.0,0.0,0.0,0.0,0.0,0.0,3506,1,1,0,0,0,0,0,0,1,3.75,0.0,0,0
90957502101.0,90957502,909575021,9,9,52,1,Hombre,2.0,2,No tiene discapacidad,1,2.33333333333333,0.0,0.0,0.0,2.33333333333333,0.0,74.0,0.0,5836,1,0,0,0,1,0,1,0,1,2.33333333333333,74.0,1,1
90957502102.0,90957502,909575021,9,9,25,1,Hombre,2.0,2,No tiene discapacidad,1,0.83333333333333,0.0,0.0,0.0,0.83333333333333,0.0,54.0,0.0,5881,1,0,0,0,1,0,1,0,1,0.83333333333333,54.0,1,1
90957503101.0,90957503,909575031,9,9,46,1,Hombre,2.0,2,No tiene discapacidad,1,10.5,0.0,0.0,0.0,10.5,0.0,56.0,0.0,5899,1,0,0,0,1,0,1,0,1,10.5,56.0,1,1
90957503102.0,90957503,909575031,9,9,29,1,Hombre,4.0,2,No tiene discapacidad,1,9.0,0.0,0.0,0.0,9.0,0.0,32.0,0.0,5916,1,0,0,0,1,0,1,0,1,9.0,32.0,1,1
90957503104.0,90957503,909575031,9,9,25,1,Hombre,4.0,2,No tiene discapacidad,1,7.0,0.0,0.0,0.0,7.0,0.0,56.0,0.0,5916,1,0,0,0,1,0,1,0,1,7.0,56.0,1,1
91776705106.0,91776705,917767051,9,9,30,1,Hombre,4.0,2,No tiene discapacidad,1,0.58333333333333,0.0,0.0,0.0,0.0,0.58333333333333,45.0,0.0,3434,1,0,0,0,0,1,1,0,1,0.58333333333333,45.0,1,1
92025904101.0,92025904,920259041,9,9,46,2,Mujer,4.0,2,No tiene discapacidad,1,14.0,0.0,0.0,0.0,14.0,0.0,40.0,0.0,3215,1,0,0,0,1,0,1,0,1,14.0,40.0,1,1
92025904102.0,92025904,920259041,9,9,22,2,Mujer,2.0,2,No tiene discapacidad,4,1.0,0.0,0.0,0.0,1.0,0.0,0.0,0.0,3281,1,0,0,0,1,0,0,0,1,1.0,0.0,0,0
92055001101.0,92055001,920550011,9,9,63,2,Mujer,2.0,2,No tiene discapacidad,5,1.66666666666666,0.0,0.0,1.66666666666666,0.0,0.0,0.0,0.0,4123,1,0,0,1,0,0,0,0,1,1.66666666666666,0.0,0,0
90957504102.0,90957504,909575041,9,9,62,2,Mujer,2.0,2,No tiene discapacidad,5,7.5,0.0,0.0,7.5,0.0,0.0,0.0,0.0,5771,1,0,0,1,0,0,0,0,1,7.5,0.0,0,0
90957504103.0,90957504,909575041,9,9,29,1,Hombre,2.0,2,No tiene discapacidad,1,18.0,0.0,0.0,13.0,5.0,0.0,70.0,0.0,5916,1,0,0,1,1,0,1,0,1,18.0,70.0,1,1
90957504104.0,90957504,909575041,9,9,28,2,Mujer,3.0,2,No tiene discapacidad,5,34.5,0.0,0.0,34.5,0.0,0.0,0.0,0.0,5817,1,0,0,1,0,0,0,0,1,34.5,0.0,0,0
90957504201.0,90957504,909575042,9,9,36,1,Hombre,3.0,2,No tiene discapacidad,1,17.75,0.0,6.5,11.25,0.0,0.0,48.0,0.0,5863,1,0,1,1,0,0,1,0,1,17.75,48.0,1,1
90957504202.0,90957504,909575042,9,9,34,2,Mujer,2.0,2,No tiene discapacidad,1,72.0,0.0,19.0,53.0,0.0,0.0,15.0,0.0,5786,1,0,1,1,0,0,1,0,1,72.0,15.0,1,1
90957505101.0,90957505,909575051,9,9,25,1,Hombre,2.0,2,No tiene discapacidad,1,8.5,0.0,4.0,0.0,4.5,0.0,63.0,0.0,5916,1,0,1,0,1,0,1,0,1,8.5,63.0,1,1
91986304102.0,91986304,919863041,9,9,33,2,Mujer,4.0,2,No tiene discapacidad,5,117.5,117.5,0.0,0.0,0.0,0.0,0.0,0.0,4956,1,1,0,0,0,0,0,0,1,117.5,0.0,0,0
91986304103.0,91986304,919863041,9,9,28,1,Hombre,4.0,2,No tiene discapacidad,1,3.5,0.0,0.0,0.0,3.5,0.0,47.0,0.0,5067,1,0,0,0,1,0,1,0,1,3.5,47.0,1,1
91992701101.0,91992701,919927011,9,9,76,2,Mujer,2.0,2,No tiene discapacidad,1,2.0,0.0,0.0,0.0,2.0,0.0,50.0,0.0,3239,1,0,0,0,1,0,1,0,1,2.0,50.0,1,1
91992701102.0,91992701,919927011,9,9,50,1,Hombre,2.0,2,No tiene discapacidad,1,24.0,0.0,0.0,0.0,0.0,24.0,38.0,0.0,3242,1,0,0,0,0,1,1,0,1,24.0,38.0,1,1
91992701103.0,91992701,919927011,9,9,49,1,Hombre,2.0,2,No tiene discapacidad,1,21.0,0.0,0.0,0.0,0.0,21.0,48.0,0.0,3257,1,0,0,0,0,1,1,0,1,21.0,48.0,1,1
90879903101.0,90879903,908799031,9,9,31,2,Mujer,2.0,2,No tiene discapacidad,5,32.25,32.25,0.0,0.0,0.0,0.0,0.0,0.0,3699,1,1,0,0,0,0,0,0,1,32.25,0.0,0,0
90879904101.0,90879904,908799041,9,9,62,1,Hombre,2.0,2,No tiene discapacidad,3,10.0,0.0,0.0,0.0,6.0,4.0,0.0,0.0,3725,1,0,0,0,1,1,0,0,1,10.0,0.0,0,0
90879904102.0,90879904,908799041,9,9,65,2,Mujer,2.0,2,No tiene discapacidad,1,13.0,0.0,0.0,0.0,7.0,6.0,6.0,0.0,3720,1,0,0,0,1,1,1,0,1,13.0,6.0,1,1
90879904103.0,90879904,908799041,9,9,30,2,Mujer,4.0,2,No tiene discapacidad,4,5.0,0.0,0.0,0.0,0.0,5.0,0.0,0.0,3699,1,0,0,0,0,1,0,0,1,5.0,0.0,0,0
90879905101.0,90879905,908799051,9,9,54,1,Hombre,4.0,2,No tiene discapacidad,1,9.5,0.0,0.0,2.5,7.0,0.0,66.0,0.0,3753,1,0,0,1,1,0,1,0,1,9.5,66.0,1,1
90879905102.0,90879905,908799051,9,9,46,2,Mujer,4.0,2,No tiene discapacidad,1,5.0,0.0,0.0,5.0,0.0,0.0,48.0,0.0,3687,1,0,0,1,0,0,1,0,1,5.0,48.0,1,1
92055001102.0,92055001,920550011,9,9,34,2,Mujer,2.0,2,No tiene discapacidad,1,18.5,0.0,0.0,18.5,0.0,0.0,35.0,0.0,4134,1,0,0,1,0,0,1,0,1,18.5,35.0,1,1
90002902102.0,90002902,900029021,9,9,26,1,Hombre,4.0,2,No tiene discapacidad,1,6.0,0.0,0.0,0.0,6.0,0.0,54.0,0.0,3218,1,0,0,0,1,0,1,0,1,6.0,54.0,1,1
90002903101.0,90002903,900029031,9,9,46,1,Hombre,4.0,2,No tiene discapacidad,1,2.66666666666666,0.0,0.0,0.0,2.66666666666666,0.0,40.0,0.0,3209,1,0,0,0,1,0,1,0,1,2.66666666666666,40.0,1,1
90957505102.0,90957505,909575051,9,9,21,2,Mujer,2.0,2,No tiene discapacidad,5,13.83333333333333,0.0,13.83333333333333,0.0,0.0,0.0,0.0,0.0,5886,1,0,1,0,0,0,0,0,1,13.83333333333333,0.0,0,0
90988301101.0,90988301,909883011,9,9,32,2,Mujer,2.0,2,No tiene discapacidad,1,14.5,0.0,0.0,7.5,7.0,0.0,60.0,0.0,3258,1,0,0,1,1,0,1,0,1,14.5,60.0,1,1
90988301102.0,90988301,909883011,9,9,15,1,Hombre,2.0,2,No tiene discapacidad,1,1.5,0.0,0.0,1.16666666666666,0.33333333333333,0.0,18.0,0.0,3322,1,0,0,1,1,0,1,0,1,1.5,18.0,1,1
90988301105.0,90988301,909883011,9,9,21,2,Mujer,4.0,2,No tiene discapacidad,1,1.0,0.0,0.0,0.5,0.5,0.0,54.0,0.0,3314,1,0,0,1,1,0,1,0,1,1.0,54.0,1,1
91992703101.0,91992703,919927031,9,9,34,1,Hombre,2.0,2,No tiene discapacidad,1,4.83333333333333,0.0,0.0,3.83333333333333,1.0,0.0,50.0,0.0,3269,1,0,0,1,1,0,1,0,1,4.83333333333333,50.0,1,1
91992703102.0,91992703,919927031,9,9,40,2,Mujer,4.0,2,No tiene discapacidad,1,8.83333333333333,0.0,0.0,1.83333333333333,7.0,0.0,72.0,0.0,3191,1,0,0,1,1,0,1,0,1,8.83333333333333,72.0,1,1
91992703104.0,91992703,919927031,9,9,16,1,Hombre,2.0,2,No tiene discapacidad,4,5.5,0.0,0.0,5.5,0.0,0.0,0.0,0.0,3258,1,0,0,1,0,0,0,0,1,5.5,0.0,0,0
91992704101.0,91992704,919927041,9,9,41,1,Hombre,4.0,2,No tiene discapacidad,1,13.49999999999999,0.0,2.99999999999999,0.0,10.5,0.0,47.0,0.0,3297,1,0,1,0,1,0,1,0,1,13.49999999999999,47.0,1,1
91992704102.0,91992704,919927041,9,9,36,2,Mujer,3.0,2,No tiene discapacidad,1,56.5,0.0,44.5,0.0,12.0,0.0,10.0,0.0,3191,1,0,1,0,1,0,1,0,1,56.5,10.0,1,1
90884101101.0,90884101,908841011,9,9,52,2,Mujer,2.0,2,No tiene discapacidad,1,21.0,0.0,0.0,0.0,21.0,0.0,35.0,0.0,3749,1,0,0,0,1,0,1,0,1,21.0,35.0,1,1
90884101102.0,90884101,908841011,9,9,16,1,Hombre,3.0,2,No tiene discapacidad,1,0.25,0.0,0.0,0.0,0.25,0.0,5.0,0.0,3805,1,0,0,0,1,0,1,0,1,0.25,5.0,1,1
90884101103.0,90884101,908841011,9,9,26,2,Mujer,4.0,2,No tiene discapacidad,1,2.5,0.0,0.0,0.0,2.5,0.0,18.0,0.0,3751,1,0,0,0,1,0,1,0,1,2.5,18.0,1,1
90002905101.0,90002905,900029051,9,9,43,1,Hombre,4.0,2,No tiene discapacidad,1,2.0,0.0,0.0,0.0,2.0,0.0,68.0,0.0,3248,1,0,0,0,1,0,1,0,1,2.0,68.0,1,1
90002905103.0,90002905,900029051,9,9,23,2,Mujer,4.0,2,No tiene discapacidad,4,0.33333333333333,0.0,0.0,0.0,0.33333333333333,0.0,0.0,0.0,3202,1,0,0,0,1,0,0,0,1,0.33333333333333,0.0,0,0
90002905104.0,90002905,900029051,9,9,20,1,Hombre,3.0,2,No tiene discapacidad,1,6.0,0.0,0.0,0.0,6.0,0.0,6.0,0.0,3236,1,0,0,0,1,0,1,0,1,6.0,6.0,1,1
90018101101.0,90018101,900181011,9,9,85,2,Mujer,1.0,2,No tiene discapacidad,3,0.25,0.0,0.0,0.0,0.25,0.0,0.0,0.0,4136,1,0,0,0,1,0,0,0,1,0.25,0.0,0,0
90018101102.0,90018101,900181011,9,9,43,1,Hombre,3.0,2,No tiene discapacidad,1,5.0,0.0,0.0,0.0,5.0,0.0,48.0,0.0,3848,1,0,0,0,1,0,1,0,1,5.0,48.0,1,1
90018101103.0,90018101,900181011,9,9,38,1,Hombre,3.0,2,No tiene discapacidad,1,2.0,0.0,0.0,0.0,1.5,0.5,40.0,0.0,3778,1,0,0,0,1,1,1,0,1,2.0,40.0,1,1
90988302104.0,90988302,909883021,9,9,53,1,Hombre,2.0,2,No tiene discapacidad,1,7.0,0.0,0.0,0.0,7.0,0.0,50.0,0.0,3305,1,0,0,0,1,0,1,0,1,7.0,50.0,1,1
90988303101.0,90988303,909883031,9,9,63,2,Mujer,2.0,2,No tiene discapacidad,5,5.0,0.0,0.0,0.0,5.0,0.0,0.0,0.0,3249,1,0,0,0,1,0,0,0,1,5.0,0.0,0,0
90988303102.0,90988303,909883031,9,9,15,2,Mujer,2.0,2,No tiene discapacidad,4,27.5,0.0,0.0,15.5,3.5,8.5,0.0,0.0,3311,1,0,0,1,1,1,0,0,1,27.5,0.0,0,0
91986304101.0,91986304,919863041,9,9,30,1,Hombre,4.0,2,No tiene discapacidad,1,7.75,7.5,0.0,0.0,0.25,0.0,60.13333333333333,0.0,5101,1,1,0,0,1,0,1,0,1,7.75,60.13333333333333,1,1
90884103101.0,90884103,908841031,9,9,39,1,Hombre,2.0,2,No tiene discapacidad,1,0.5,0.0,0.0,0.0,0.5,0.0,48.0,0.0,3780,1,0,0,0,1,0,1,0,1,0.5,48.0,1,1
90884104101.0,90884104,908841041,9,9,59,2,Mujer,2.0,1,Sí tiene discapacidad,5,4.66666666666666,0.0,4.66666666666666,0.0,0.0,0.0,0.0,0.0,3689,1,0,1,0,0,0,0,0,1,4.66666666666666,0.0,0,0
90884104102.0,90884104,908841041,9,9,35,2,Mujer,4.0,2,No tiene discapacidad,1,32.0,0.0,31.5,0.0,0.5,0.0,40.0,0.0,3726,1,0,1,0,1,0,1,0,1,32.0,40.0,1,1
90018104101.0,90018104,900181041,9,9,70,1,Hombre,2.0,2,No tiene discapacidad,3,2.0,0.0,0.0,0.0,0.0,2.0,0.0,0.0,3732,1,0,0,0,0,1,0,0,1,2.0,0.0,0,0
90018105101.0,90018105,900181051,9,9,32,1,Hombre,5.0,2,No tiene discapacidad,1,1.0,0.0,0.0,0.0,1.0,0.0,54.0,0.0,3838,1,0,0,0,1,0,1,0,1,1.0,54.0,1,1
90988303104.0,90988303,909883031,9,9,31,1,Hombre,3.0,2,No tiene discapacidad,1,17.5,0.0,0.0,7.0,10.5,0.0,40.0,0.0,3353,1,0,0,1,1,0,1,0,1,17.5,40.0,1,1
90988303105.0,90988303,909883031,9,9,27,2,Mujer,2.0,2,No tiene discapacidad,1,10.08333333333333,0.0,0.0,10.08333333333333,0.0,0.0,48.0,0.0,3275,1,0,0,1,0,0,1,0,1,10.08333333333333,48.0,1,1
91752205102.0,91752205,917522051,9,9,24,2,Mujer,4.0,2,No tiene discapacidad,2,0.91666666666666,0.0,0.0,0.0,0.91666666666666,0.0,0.0,3.5,2636,1,0,0,0,1,0,0,1,1,0.91666666666666,0.0,0,0
91764601101.0,91764601,917646011,9,9,61,2,Mujer,4.0,2,No tiene discapacidad,1,5.0,0.0,0.0,0.0,5.0,0.0,40.0,0.0,4361,1,0,0,0,1,0,1,0,1,5.0,40.0,1,1
91764601102.0,91764601,917646011,9,9,23,1,Hombre,4.0,2,No tiene discapacidad,1,2.5,0.0,0.0,0.0,0.0,2.5,24.0,0.0,4495,1,0,0,0,0,1,1,0,1,2.5,24.0,1,1
90744105102.0,90744105,907441051,9,9,49,2,Mujer,2.0,2,No tiene discapacidad,1,37.41666666666666,26.66666666666666,0.0,0.0,10.75,0.0,39.0,0.0,4586,1,1,0,0,1,0,1,0,1,37.41666666666666,39.0,1,1
90744105103.0,90744105,907441051,9,9,79,1,Hombre,4.0,1,Sí tiene discapacidad,5,0.75,0.75,0.0,0.0,0.0,0.0,0.0,0.0,4744,1,1,0,0,0,0,0,0,1,0.75,0.0,0,0
90744105105.0,90744105,907441051,9,9,19,2,Mujer,3.0,2,No tiene discapacidad,1,8.0,3.83333333333333,0.0,0.0,4.16666666666666,0.0,25.0,0.0,4675,1,1,0,0,1,0,1,0,1,8.0,25.0,1,1
90892501103.0,90892501,908925011,9,9,42,1,Hombre,4.0,2,No tiene discapacidad,1,1.83333333333333,0.0,0.0,0.0,0.0,1.83333333333333,20.0,0.0,3809,1,0,0,0,0,1,1,0,1,1.83333333333333,20.0,1,1
91666701101.0,91666701,916667011,9,9,40,1,Hombre,4.0,2,No tiene discapacidad,1,17.16666666666666,0.0,0.0,10.16666666666666,0.0,7.0,40.0,0.0,2670,1,0,0,1,0,1,1,0,1,17.16666666666666,40.0,1,1
91666701102.0,91666701,916667011,9,9,62,2,Mujer,3.0,2,No tiene discapacidad,5,24.5,0.0,0.0,21.0,3.5,0.0,0.0,0.0,2580,1,0,0,1,1,0,0,0,1,24.5,0.0,0,0
91666702101.0,91666702,916667021,9,9,57,2,Mujer,4.0,2,No tiene discapacidad,1,3.25,0.0,0.0,0.0,3.25,0.0,45.0,0.0,2559,1,0,0,0,1,0,1,0,1,3.25,45.0,1,1
91666702102.0,91666702,916667021,9,9,48,2,Mujer,4.0,2,No tiene discapacidad,1,3.5,0.0,0.0,0.0,3.5,0.0,58.0,0.0,2579,1,0,0,0,1,0,1,0,1,3.5,58.0,1,1
91666702103.0,91666702,916667021,9,9,50,1,Hombre,4.0,2,No tiene discapacidad,1,0.91666666666666,0.0,0.0,0.0,0.91666666666666,0.0,70.0,0.0,2625,1,0,0,0,1,0,1,0,1,0.91666666666666,70.0,1,1
91666704101.0,91666704,916667041,9,9,45,1,Hombre,4.0,2,No tiene discapacidad,1,20.5,0.0,17.0,0.0,3.5,0.0,72.0,0.0,2638,1,0,1,0,1,0,1,0,1,20.5,72.0,1,1
90018302103.0,90018302,900183021,9,9,23,1,Hombre,3.0,2,No tiene discapacidad,1,1.0,0.0,0.0,0.0,1.0,0.0,40.0,0.0,3727,1,0,0,0,1,0,1,0,1,1.0,40.0,1,1
90018303101.0,90018303,900183031,9,9,29,1,Hombre,3.0,2,No tiene discapacidad,1,8.0,8.0,0.0,0.0,0.0,0.0,40.0,0.0,3707,1,1,0,0,0,0,1,0,1,8.0,40.0,1,1
90018303102.0,90018303,900183031,9,9,29,2,Mujer,3.0,2,No tiene discapacidad,1,1.5,0.0,0.0,1.5,0.0,0.0,54.0,0.0,3645,1,0,0,1,0,0,1,0,1,1.5,54.0,1,1
91764602101.0,91764602,917646021,9,9,57,1,Hombre,4.0,2,No tiene discapacidad,1,7.0,0.0,0.0,0.0,7.0,0.0,40.0,0.0,4449,1,0,0,0,1,0,1,0,1,7.0,40.0,1,1
91764603101.0,91764603,917646031,9,9,63,1,Hombre,4.0,2,No tiene discapacidad,1,3.0,0.0,0.0,0.0,3.0,0.0,40.0,0.0,4405,1,0,0,0,1,0,1,0,1,3.0,40.0,1,1
91764603102.0,91764603,917646031,9,9,66,1,Hombre,4.0,2,No tiene discapacidad,3,6.0,0.0,0.0,0.0,3.0,3.0,0.0,0.0,4397,1,0,0,0,1,1,0,0,1,6.0,0.0,0,0
91764603103.0,91764603,917646031,9,9,59,2,Mujer,2.0,2,No tiene discapacidad,5,9.0,0.0,0.0,0.0,3.0,6.0,0.0,0.0,4325,1,0,0,0,1,1,0,0,1,9.0,0.0,0,0
91764603104.0,91764603,917646031,9,9,53,1,Hombre,4.0,2,No tiene discapacidad,1,6.5,0.0,0.0,0.0,3.75,2.75,45.5,0.0,4437,1,0,0,0,1,1,1,0,1,6.5,45.5,1,1
91764604101.0,91764604,917646041,9,9,38,1,Hombre,4.0,2,No tiene discapacidad,1,32.5,0.0,13.5,12.0,7.0,0.0,40.0,0.0,4431,1,0,1,1,1,0,1,0,1,32.5,40.0,1,1
90756101101.0,90756101,907561011,9,9,57,1,Hombre,2.0,2,No tiene discapacidad,1,1.0,0.0,0.0,0.0,1.0,0.0,50.0,0.0,4331,1,0,0,0,1,0,1,0,1,1.0,50.0,1,1
90756101102.0,90756101,907561011,9,9,57,2,Mujer,2.0,2,No tiene discapacidad,5,2.0,0.0,0.0,0.0,2.0,0.0,0.0,0.0,4210,1,0,0,0,1,0,0,0,1,2.0,0.0,0,0
90756101103.0,90756101,907561011,9,9,24,1,Hombre,2.0,2,No tiene discapacidad,1,1.5,0.0,0.0,0.0,1.5,0.0,50.0,0.0,4376,1,0,0,0,1,0,1,0,1,1.5,50.0,1,1
90756103101.0,90756103,907561031,9,9,34,2,Mujer,3.0,2,No tiene discapacidad,5,98.5,0.0,62.5,22.0,14.0,0.0,0.0,0.0,4257,1,0,1,1,1,0,0,0,1,98.5,0.0,0,0
90756103102.0,90756103,907561031,9,9,39,1,Hombre,1.0,1,Sí tiene discapacidad,1,77.5,39.25,37.0,1.25,0.0,0.0,10.0,0.0,4314,1,1,1,1,0,0,1,0,1,77.5,10.0,1,1
91666704102.0,91666704,916667041,9,9,43,2,Mujer,5.0,2,No tiene discapacidad,1,52.08333333333333,0.0,50.08333333333333,0.0,2.0,0.0,25.0,0.0,2584,1,0,1,0,1,0,1,0,1,52.08333333333333,25.0,1,1
91666705102.0,91666705,916667051,9,9,28,2,Mujer,4.0,2,No tiene discapacidad,1,0.5,0.0,0.0,0.0,0.5,0.0,25.0,0.0,2601,1,0,0,0,1,0,1,0,1,0.5,25.0,1,1
91670601101.0,91670601,916706011,9,9,70,1,Hombre,4.0,2,No tiene discapacidad,1,5.75,0.0,0.0,0.0,0.0,5.75,18.0,0.0,3230,1,0,0,0,0,1,1,0,1,5.75,18.0,1,1
91670601102.0,91670601,916706011,9,9,69,2,Mujer,3.0,2,No tiene discapacidad,5,15.25,0.0,0.0,0.0,0.0,15.25,0.0,0.0,3246,1,0,0,0,0,1,0,0,1,15.25,0.0,0,0
91670603101.0,91670603,916706031,9,9,57,1,Hombre,3.0,2,No tiene discapacidad,1,3.5,0.0,0.0,0.0,3.5,0.0,70.0,0.0,3283,1,0,0,0,1,0,1,0,1,3.5,70.0,1,1
90018304102.0,90018304,900183041,9,9,22,2,Mujer,4.0,2,No tiene discapacidad,1,0.25,0.0,0.0,0.0,0.0,0.25,40.0,0.0,3689,1,0,0,0,0,1,1,0,1,0.25,40.0,1,1
90018305101.0,90018305,900183051,9,9,54,2,Mujer,3.0,1,Sí tiene discapacidad,1,28.43333333333333,16.85,8.83333333333333,0.0,2.75,0.0,84.0,0.0,3644,1,1,1,0,1,0,1,0,1,28.43333333333333,84.0,1,1
90018305102.0,90018305,900183051,9,9,50,1,Hombre,2.0,1,Sí tiene discapacidad,1,12.33333333333333,1.91666666666666,2.41666666666666,0.0,8.0,0.0,84.0,0.0,3679,1,1,1,0,1,0,1,0,1,12.33333333333333,84.0,1,1
90923101103.0,90923101,909231011,9,9,26,2,Mujer,2.0,1,Sí tiene discapacidad,1,48.83333333333333,0.0,17.83333333333333,17.0,14.0,0.0,20.0,0.0,4401,1,0,1,1,1,0,1,0,1,48.83333333333333,20.0,1,1
90923102101.0,90923102,909231021,9,9,38,1,Hombre,4.0,2,No tiene discapacidad,1,9.5,0.0,0.0,0.0,9.5,0.0,4.0,0.0,4435,1,0,0,0,1,0,1,0,1,9.5,4.0,1,1
91764604102.0,91764604,917646041,9,9,41,2,Mujer,4.0,2,No tiene discapacidad,1,61.63333333333333,0.0,37.63333333333333,17.0,7.0,0.0,40.0,0.0,4367,1,0,1,1,1,0,1,0,1,61.63333333333333,40.0,1,1
91776703103.0,91776703,917767031,9,9,61,2,Mujer,3.0,2,No tiene discapacidad,5,2.0,0.0,0.0,0.0,2.0,0.0,0.0,0.0,3327,1,0,0,0,1,0,0,0,1,2.0,0.0,0,0
90756104101.0,90756104,907561041,9,9,62,1,Hombre,2.0,2,No tiene discapacidad,1,0.16666666666666,0.0,0.0,0.0,0.16666666666666,0.0,13.0,0.0,4288,1,0,0,0,1,0,1,0,1,0.16666666666666,13.0,1,1
90756105101.0,90756105,907561051,9,9,56,2,Mujer,2.0,2,No tiene discapacidad,1,0.83333333333333,0.0,0.0,0.0,0.83333333333333,0.0,56.0,0.0,4210,1,0,0,0,1,0,1,0,1,0.83333333333333,56.0,1,1
90756105102.0,90756105,907561051,9,9,27,2,Mujer,3.0,2,No tiene discapacidad,5,1.0,0.0,0.0,0.0,1.0,0.0,0.0,0.0,4280,1,0,0,0,1,0,0,0,1,1.0,0.0,0,0
91670603102.0,91670603,916706031,9,9,21,1,Hombre,4.0,2,No tiene discapacidad,1,8.5,0.0,0.0,0.0,8.5,0.0,3.0,0.0,3318,1,0,0,0,1,0,1,0,1,8.5,3.0,1,1
91670605103.0,91670605,916706051,9,9,36,1,Hombre,4.0,2,No tiene discapacidad,1,1.66666666666666,0.0,0.0,0.0,0.0,1.66666666666666,48.0,0.0,3270,1,0,0,0,0,1,1,0,1,1.66666666666666,48.0,1,1
91674203101.0,91674203,916742031,9,9,35,1,Hombre,4.0,2,No tiene discapacidad,1,4.0,0.0,0.0,0.0,4.0,0.0,47.0,0.0,4331,1,0,0,0,1,0,1,0,1,4.0,47.0,1,1
90923103102.0,90923103,909231031,9,9,61,1,Hombre,2.0,1,Sí tiene discapacidad,3,17.5,17.5,0.0,0.0,0.0,0.0,0.0,0.0,4409,1,1,0,0,0,0,0,0,1,17.5,0.0,0,0
90923104101.0,90923104,909231041,9,9,64,1,Hombre,3.0,2,No tiene discapacidad,1,3.5,0.0,0.0,0.0,3.5,0.0,36.0,0.0,4409,1,0,0,0,1,0,1,0,1,3.5,36.0,1,1
90923104102.0,90923104,909231041,9,9,28,2,Mujer,4.0,2,No tiene discapacidad,1,5.0,0.0,0.0,0.0,0.0,5.0,45.0,0.0,4401,1,0,0,0,0,1,1,0,1,5.0,45.0,1,1
92055005104.0,92055005,920550051,9,9,98,1,Hombre,4.0,2,No tiene discapacidad,4,1.0,0.0,0.0,0.0,1.0,0.0,0.0,0.0,4439,1,0,0,0,1,0,0,0,1,1.0,0.0,0,0
90892502103.0,90892502,908925021,9,9,64,2,Mujer,3.0,2,No tiene discapacidad,5,13.5,0.0,0.0,0.0,0.0,13.5,0.0,0.0,3681,1,0,0,0,0,1,0,0,1,13.5,0.0,0,0
91674204101.0,91674204,916742041,9,9,42,1,Hombre,4.0,2,No tiene discapacidad,1,11.0,0.0,0.0,8.0,3.0,0.0,40.0,0.0,4411,1,0,0,1,1,0,1,0,1,11.0,40.0,1,1
91674204102.0,91674204,916742041,9,9,44,2,Mujer,4.0,2,No tiene discapacidad,1,8.0,0.0,0.0,8.0,0.0,0.0,40.0,0.0,4269,1,0,0,1,0,0,1,0,1,8.0,40.0,1,1
91674205101.0,91674205,916742051,9,9,65,1,Hombre,4.0,2,No tiene discapacidad,3,4.0,0.0,0.0,0.0,0.0,4.0,0.0,0.0,4298,1,0,0,0,0,1,0,0,1,4.0,0.0,0,0
90944101101.0,90944101,909441011,9,9,63,1,Hombre,2.0,2,No tiene discapacidad,1,4.0,0.0,0.0,0.0,0.0,4.0,60.0,0.0,6862,1,0,0,0,0,1,1,0,1,4.0,60.0,1,1
90944101102.0,90944101,909441011,9,9,61,2,Mujer,2.0,1,Sí tiene discapacidad,1,1.16666666666666,0.0,0.0,0.0,0.0,1.16666666666666,10.0,0.0,6795,1,0,0,0,0,1,1,0,1,1.16666666666666,10.0,1,1
90944102101.0,90944102,909441021,9,9,28,1,Hombre,3.0,2,No tiene discapacidad,1,28.0,0.0,21.0,0.0,7.0,0.0,51.0,0.0,6966,1,0,1,0,1,0,1,0,1,28.0,51.0,1,1
90944102102.0,90944102,909441021,9,9,28,2,Mujer,4.0,2,No tiene discapacidad,1,40.0,0.0,40.0,0.0,0.0,0.0,5.0,0.0,6850,1,0,1,0,0,0,1,0,1,40.0,5.0,1,1
90944104101.0,90944104,909441041,9,9,30,1,Hombre,3.0,2,No tiene discapacidad,1,26.0,0.0,0.0,26.0,0.0,0.0,70.0,0.0,7012,1,0,0,1,0,0,1,0,1,26.0,70.0,1,1
90944104102.0,90944104,909441041,9,9,51,2,Mujer,3.0,2,No tiene discapacidad,1,4.5,0.0,0.0,3.5,1.0,0.0,50.0,0.0,6847,1,0,0,1,1,0,1,0,1,4.5,50.0,1,1
90944104103.0,90944104,909441041,9,9,25,2,Mujer,3.0,2,No tiene discapacidad,5,42.0,0.0,0.0,28.0,14.0,0.0,0.0,0.0,6850,1,0,0,1,1,0,0,0,1,42.0,0.0,0,0
92071103101.0,92071103,920711031,9,9,53,2,Mujer,4.0,2,No tiene discapacidad,1,1.16666666666666,0.0,0.0,0.0,1.16666666666666,0.0,84.0,0.0,1948,1,0,0,0,1,0,1,0,1,1.16666666666666,84.0,1,1
92071103102.0,92071103,920711031,9,9,56,1,Hombre,4.0,2,No tiene discapacidad,2,2.0,0.0,0.0,0.0,2.0,0.0,0.0,5.0,1972,1,0,0,0,1,0,0,1,1,2.0,0.0,0,0
92071103103.0,92071103,920711031,9,9,19,2,Mujer,3.0,2,No tiene discapacidad,4,5.0,0.0,0.0,0.0,5.0,0.0,0.0,0.0,1970,1,0,0,0,1,0,0,0,1,5.0,0.0,0,0
92071105101.0,92071105,920711051,9,9,52,2,Mujer,5.0,2,No tiene discapacidad,1,0.83333333333333,0.0,0.0,0.0,0.83333333333333,0.0,50.0,0.0,1948,1,0,0,0,1,0,1,0,1,0.83333333333333,50.0,1,1
92071105102.0,92071105,920711051,9,9,25,1,Hombre,3.0,2,No tiene discapacidad,1,4.16666666666666,0.0,0.0,0.0,4.16666666666666,0.0,50.0,0.0,1982,1,0,0,0,1,0,1,0,1,4.16666666666666,50.0,1,1
90892504103.0,90892504,908925041,9,9,37,2,Mujer,3.0,2,No tiene discapacidad,5,15.33333333333333,0.0,0.0,0.0,6.0,9.33333333333333,0.0,0.0,3686,1,0,0,0,1,1,0,0,1,15.33333333333333,0.0,0,0
90892504104.0,90892504,908925041,9,9,41,1,Hombre,3.0,2,No tiene discapacidad,1,2.5,0.0,0.0,0.0,2.5,0.0,32.0,0.0,3809,1,0,0,0,1,0,1,0,1,2.5,32.0,1,1
90892504105.0,90892504,908925041,9,9,20,2,Mujer,3.0,2,No tiene discapacidad,4,2.16666666666666,0.0,0.0,0.0,1.66666666666666,0.5,0.0,0.0,3755,1,0,0,0,1,1,0,0,1,2.16666666666666,0.0,0,0
90892504106.0,90892504,908925041,9,9,16,2,Mujer,2.0,2,No tiene discapacidad,4,2.0,0.0,0.0,0.0,0.0,2.0,0.0,0.0,3751,1,0,0,0,0,1,0,0,1,2.0,0.0,0,0
90892505101.0,90892505,908925051,9,9,59,1,Hombre,2.0,2,No tiene discapacidad,1,9.0,0.0,0.0,0.0,9.0,0.0,30.0,0.0,3754,1,0,0,0,1,0,1,0,1,9.0,30.0,1,1
91676501101.0,91676501,916765011,9,9,39,1,Hombre,4.0,2,No tiene discapacidad,1,8.0,0.0,0.0,3.33333333333333,4.66666666666666,0.0,60.0,0.0,2980,1,0,0,1,1,0,1,0,1,8.0,60.0,1,1
91953701102.0,91953701,919537011,9,9,37,2,Mujer,4.0,2,No tiene discapacidad,1,0.16666666666666,0.0,0.0,0.0,0.0,0.16666666666666,48.13333333333333,0.0,2425,1,0,0,0,0,1,1,0,1,0.16666666666666,48.13333333333333,1,1
91953703101.0,91953703,919537031,9,9,43,1,Hombre,4.0,2,No tiene discapacidad,1,17.83333333333333,0.0,0.0,7.33333333333333,10.5,0.0,58.0,0.0,2505,1,0,0,1,1,0,1,0,1,17.83333333333333,58.0,1,1
90944105101.0,90944105,909441051,9,9,50,2,Mujer,2.0,2,No tiene discapacidad,5,28.66666666666666,26.16666666666666,0.0,0.0,2.5,0.0,0.0,0.0,6847,1,1,0,0,1,0,0,0,1,28.66666666666666,0.0,0,0
90944105102.0,90944105,909441051,9,9,52,1,Hombre,3.0,1,Sí tiene discapacidad,6,7.0,0.0,0.0,0.0,7.0,0.0,0.0,0.0,6913,1,0,0,0,1,0,0,0,1,7.0,0.0,0,0
90944105103.0,90944105,909441051,9,9,30,2,Mujer,5.0,2,No tiene discapacidad,1,10.41666666666666,10.41666666666666,0.0,0.0,0.0,0.0,20.0,0.0,6814,1,1,0,0,0,0,1,0,1,10.41666666666666,20.0,1,1
90944105104.0,90944105,909441051,9,9,29,2,Mujer,4.0,2,No tiene discapacidad,1,15.75,8.75,0.0,0.0,7.0,0.0,38.0,0.0,6850,1,1,0,0,1,0,1,0,1,15.75,38.0,1,1
90957201101.0,90957201,909572011,9,9,41,1,Hombre,4.0,1,Sí tiene discapacidad,1,7.16666666666666,0.0,7.16666666666666,0.0,0.0,0.0,45.0,0.0,3561,1,0,1,0,0,0,1,0,1,7.16666666666666,45.0,1,1
90957201102.0,90957201,909572011,9,9,45,2,Mujer,4.0,1,Sí tiene discapacidad,5,46.74999999999999,0.0,15.91666666666666,9.83333333333333,21.0,0.0,0.0,0.0,3440,1,0,1,1,1,0,0,0,1,46.74999999999999,0.0,0,0
90957201103.0,90957201,909572011,9,9,15,2,Mujer,2.0,2,No tiene discapacidad,4,12.33333333333333,0.0,6.33333333333333,6.0,0.0,0.0,0.0,0.0,3506,1,0,1,1,0,0,0,0,1,12.33333333333333,0.0,0,0
92076702101.0,92076702,920767021,9,9,84,1,Hombre,3.0,2,No tiene discapacidad,3,17.0,0.0,0.0,0.0,7.0,10.0,0.0,0.0,4218,1,0,0,0,1,1,0,0,1,17.0,0.0,0,0
92076702102.0,92076702,920767021,9,9,70,2,Mujer,2.0,2,No tiene discapacidad,5,5.0,0.0,0.0,0.0,1.0,4.0,0.0,0.0,4105,1,0,0,0,1,1,0,0,1,5.0,0.0,0,0
92076702103.0,92076702,920767021,9,9,45,2,Mujer,4.0,2,No tiene discapacidad,1,10.0,0.0,0.0,0.0,2.0,8.0,40.0,0.0,4038,1,0,0,0,1,1,1,0,1,10.0,40.0,1,1
92076702104.0,92076702,920767021,9,9,35,2,Mujer,3.0,2,No tiene discapacidad,1,10.0,0.0,0.0,0.0,0.0,10.0,45.0,0.0,4045,1,0,0,0,0,1,1,0,1,10.0,45.0,1,1
92076705101.0,92076705,920767051,9,9,70,1,Hombre,3.0,2,No tiene discapacidad,1,7.0,0.0,0.0,0.0,7.0,0.0,40.0,0.0,4054,1,0,0,0,1,0,1,0,1,7.0,40.0,1,1
90899402101.0,90899402,908994021,9,9,61,2,Mujer,3.0,2,No tiene discapacidad,1,0.25,0.0,0.0,0.0,0.0,0.25,24.0,0.0,3237,1,0,0,0,0,1,1,0,1,0.25,24.0,1,1
90899402102.0,90899402,908994021,9,9,63,1,Hombre,3.0,2,No tiene discapacidad,1,3.75,0.0,0.0,0.0,1.25,2.5,35.0,0.0,3269,1,0,0,0,1,1,1,0,1,3.75,35.0,1,1
90899402103.0,90899402,908994021,9,9,34,2,Mujer,4.0,2,No tiene discapacidad,1,1.0,0.0,0.0,0.0,1.0,0.0,51.0,0.0,3246,1,0,0,0,1,0,1,0,1,1.0,51.0,1,1
91953703102.0,91953703,919537031,9,9,43,2,Mujer,4.0,2,No tiene discapacidad,1,13.08333333333333,0.0,0.0,7.58333333333333,5.5,0.0,40.0,0.0,2424,1,0,0,1,1,0,1,0,1,13.08333333333333,40.0,1,1
91953703103.0,91953703,919537031,9,9,22,2,Mujer,4.0,2,No tiene discapacidad,4,1.5,0.0,0.0,1.5,0.0,0.0,0.0,0.0,2470,1,0,0,1,0,0,0,0,1,1.5,0.0,0,0
91953703104.0,91953703,919537031,9,9,21,2,Mujer,4.0,2,No tiene discapacidad,4,6.0,0.0,0.0,0.0,6.0,0.0,0.0,0.0,2470,1,0,0,0,1,0,0,0,1,6.0,0.0,0,0
91953704101.0,91953704,919537041,9,9,72,2,Mujer,3.0,2,No tiene discapacidad,5,8.0,0.0,0.0,0.0,4.5,3.5,0.0,0.0,2460,1,0,0,0,1,1,0,0,1,8.0,0.0,0,0
91953704102.0,91953704,919537041,9,9,73,1,Hombre,4.0,2,No tiene discapacidad,3,18.0,0.0,0.0,0.0,7.0,11.0,0.0,0.0,2430,1,0,0,0,1,1,0,0,1,18.0,0.0,0,0
91953704103.0,91953704,919537041,9,9,49,2,Mujer,5.0,2,No tiene discapacidad,1,7.0,0.0,0.0,0.0,0.0,7.0,40.0,0.0,2420,1,0,0,0,0,1,1,0,1,7.0,40.0,1,1
91953704104.0,91953704,919537041,9,9,28,1,Hombre,4.0,2,No tiene discapacidad,1,6.5,0.0,0.0,0.0,2.5,4.0,60.0,0.0,2482,1,0,0,0,1,1,1,0,1,6.5,60.0,1,1
90957203103.0,90957203,909572031,9,9,30,2,Mujer,3.0,2,No tiene discapacidad,5,16.41666666666666,0.0,16.41666666666666,0.0,0.0,0.0,0.0,0.0,3450,1,0,1,0,0,0,0,0,1,16.41666666666666,0.0,0,0
90957205101.0,90957205,909572051,9,9,42,2,Mujer,3.0,2,No tiene discapacidad,1,13.5,11.33333333333333,0.0,0.0,2.16666666666666,0.0,56.0,0.0,3446,1,1,0,0,1,0,1,0,1,13.5,56.0,1,1
90957205102.0,90957205,909572051,9,9,23,2,Mujer,4.0,2,No tiene discapacidad,4,3.0,3.0,0.0,0.0,0.0,0.0,0.0,0.0,3510,1,1,0,0,0,0,0,0,1,3.0,0.0,0,0
92079203102.0,92079203,920792031,9,9,69,1,Hombre,3.0,2,No tiene discapacidad,3,27.0,27.0,0.0,0.0,0.0,0.0,0.0,0.0,3369,1,1,0,0,0,0,0,0,1,27.0,0.0,0,0
92079203103.0,92079203,920792031,9,9,58,2,Mujer,3.0,2,No tiene discapacidad,5,5.0,5.0,0.0,0.0,0.0,0.0,0.0,0.0,3313,1,1,0,0,0,0,0,0,1,5.0,0.0,0,0
90899403102.0,90899403,908994031,9,9,65,2,Mujer,4.0,2,No tiene discapacidad,3,3.0,0.0,0.0,0.0,0.0,3.0,0.0,0.0,3265,1,0,0,0,0,1,0,0,1,3.0,0.0,0,0
90922202101.0,90922202,909222021,9,9,82,2,Mujer,4.0,1,Sí tiene discapacidad,3,2.33333333333333,0.0,0.0,0.0,2.33333333333333,0.0,0.0,0.0,4461,1,0,0,0,1,0,0,0,1,2.33333333333333,0.0,0,0
90922202102.0,90922202,909222021,9,9,55,2,Mujer,3.0,1,Sí tiene discapacidad,5,6.75,6.75,0.0,0.0,0.0,0.0,0.0,0.0,4245,1,1,0,0,0,0,0,0,1,6.75,0.0,0,0
90922204101.0,90922204,909222041,9,9,54,2,Mujer,4.0,2,No tiene discapacidad,1,10.0,0.0,0.0,0.0,10.0,0.0,42.0,0.0,4314,1,0,0,0,1,0,1,0,1,10.0,42.0,1,1
90922204102.0,90922204,909222041,9,9,56,1,Hombre,3.0,2,No tiene discapacidad,1,5.0,0.0,0.0,0.0,5.0,0.0,32.0,0.0,4367,1,0,0,0,1,0,1,0,1,5.0,32.0,1,1
90922204103.0,90922204,909222041,9,9,25,2,Mujer,4.0,2,No tiene discapacidad,1,6.16666666666666,0.0,0.0,0.0,6.16666666666666,0.0,49.0,0.0,4316,1,0,0,0,1,0,1,0,1,6.16666666666666,49.0,1,1
91955502101.0,91955502,919555021,9,9,64,2,Mujer,2.0,2,No tiene discapacidad,1,9.0,0.0,0.0,0.0,9.0,0.0,104.0,0.0,3759,1,0,0,0,1,0,1,0,1,9.0,104.0,1,1
91955503101.0,91955503,919555031,9,9,45,1,Hombre,4.0,2,No tiene discapacidad,1,2.08333333333333,0.0,0.0,0.0,2.08333333333333,0.0,45.0,0.0,3842,1,0,0,0,1,0,1,0,1,2.08333333333333,45.0,1,1
91955503102.0,91955503,919555031,9,9,46,2,Mujer,4.0,2,No tiene discapacidad,1,0.86666666666666,0.0,0.0,0.0,0.86666666666666,0.0,40.13333333333333,0.0,3757,1,0,0,0,1,0,1,0,1,0.86666666666666,40.13333333333333,1,1
91695805101.0,91695805,916958051,9,9,36,1,Hombre,4.0,2,No tiene discapacidad,1,11.0,0.0,0.0,0.0,11.0,0.0,75.0,0.0,2865,1,0,0,0,1,0,1,0,1,11.0,75.0,1,1
91695805102.0,91695805,916958051,9,9,26,2,Mujer,4.0,2,No tiene discapacidad,1,9.0,0.0,0.0,0.0,9.0,0.0,40.0,0.0,2842,1,0,0,0,1,0,1,0,1,9.0,40.0,1,1
91696001101.0,91696001,916960011,9,9,64,2,Mujer,3.0,2,No tiene discapacidad,1,7.0,0.0,0.0,0.0,7.0,0.0,19.0,0.0,3234,1,0,0,0,1,0,1,0,1,7.0,19.0,1,1
91696001102.0,91696001,916960011,9,9,28,1,Hombre,4.0,2,No tiene discapacidad,1,0.5,0.0,0.0,0.0,0.0,0.5,42.0,0.0,3316,1,0,0,0,0,1,1,0,1,0.5,42.0,1,1
91696004101.0,91696004,916960041,9,9,51,1,Hombre,5.0,2,No tiene discapacidad,1,3.0,0.0,0.0,0.0,3.0,0.0,70.0,0.0,3290,1,0,0,0,1,0,1,0,1,3.0,70.0,1,1
92079204103.0,92079204,920792041,9,9,36,2,Mujer,3.0,2,No tiene discapacidad,1,0.91666666666666,0.0,0.0,0.0,0.0,0.91666666666666,36.0,0.0,3346,1,0,0,0,0,1,1,0,1,0.91666666666666,36.0,1,1
92104101101.0,92104101,921041011,9,9,35,2,Mujer,3.0,2,No tiene discapacidad,1,9.83333333333333,0.0,0.0,8.83333333333333,1.0,0.0,16.0,0.0,4163,1,0,0,1,1,0,1,0,1,9.83333333333333,16.0,1,1
92104101102.0,92104101,921041011,9,9,17,1,Hombre,3.0,2,No tiene discapacidad,1,7.58333333333333,0.0,0.0,0.58333333333333,7.0,0.0,38.0,0.0,4251,1,0,0,1,1,0,1,0,1,7.58333333333333,38.0,1,1
90922205101.0,90922205,909222051,9,9,38,2,Mujer,4.0,2,No tiene discapacidad,1,44.0,36.0,0.0,8.0,0.0,0.0,40.0,0.0,4287,1,1,0,1,0,0,1,0,1,44.0,40.0,1,1
90923101101.0,90923101,909231011,9,9,52,1,Hombre,2.0,1,Sí tiene discapacidad,1,57.13333333333333,0.0,15.0,35.0,7.13333333333333,0.0,52.5,0.0,4441,1,0,1,1,1,0,1,0,1,57.13333333333333,52.5,1,1
90923101102.0,90923101,909231011,9,9,52,2,Mujer,2.0,1,Sí tiene discapacidad,1,13.25,0.0,10.0,1.75,1.5,0.0,60.0,0.0,4398,1,0,1,1,1,0,1,0,1,13.25,60.0,1,1
91676501102.0,91676501,916765011,9,9,42,2,Mujer,4.0,2,No tiene discapacidad,1,16.75,0.0,0.0,14.0,2.75,0.0,25.0,0.0,2937,1,0,0,1,1,0,1,0,1,16.75,25.0,1,1
91676503101.0,91676503,916765031,9,9,58,1,Hombre,5.0,2,No tiene discapacidad,1,4.5,0.0,0.0,0.0,0.0,4.5,40.0,0.0,2992,1,0,0,0,0,1,1,0,1,4.5,40.0,1,1
91955505101.0,91955505,919555051,9,9,40,1,Hombre,4.0,1,Sí tiene discapacidad,1,24.5,18.0,0.0,0.0,6.5,0.0,44.0,0.0,3890,1,1,0,0,1,0,1,0,1,24.5,44.0,1,1
91955505102.0,91955505,919555051,9,9,46,2,Mujer,3.0,2,No tiene discapacidad,5,37.0,31.75,0.0,0.0,5.25,0.0,0.0,0.0,3757,1,1,0,0,1,0,0,0,1,37.0,0.0,0,0
91955505103.0,91955505,919555051,9,9,15,1,Hombre,2.0,2,No tiene discapacidad,4,5.0,0.0,0.0,0.0,5.0,0.0,0.0,0.0,3844,1,0,0,0,1,0,0,0,1,5.0,0.0,0,0
91958701101.0,91958701,919587011,9,9,29,2,Mujer,3.0,2,No tiene discapacidad,1,34.0,0.0,25.0,9.0,0.0,0.0,40.0,0.0,4110,1,0,1,1,0,0,1,0,1,34.0,40.0,1,1
91958701102.0,91958701,919587011,9,9,35,1,Hombre,4.0,2,No tiene discapacidad,1,23.0,0.0,14.5,8.5,0.0,0.0,50.0,0.0,4143,1,0,1,1,0,0,1,0,1,23.0,50.0,1,1
91696004102.0,91696004,916960041,9,9,50,2,Mujer,4.0,2,No tiene discapacidad,1,3.0,0.0,0.0,0.0,3.0,0.0,40.0,0.0,3259,1,0,0,0,1,0,1,0,1,3.0,40.0,1,1
91696004103.0,91696004,916960041,9,9,30,1,Hombre,4.0,2,No tiene discapacidad,1,4.0,0.0,0.0,0.0,4.0,0.0,50.0,0.0,3338,1,0,0,0,1,0,1,0,1,4.0,50.0,1,1
91715701101.0,91715701,917157011,9,9,28,2,Mujer,2.0,2,No tiene discapacidad,1,12.16666666666666,0.0,0.0,12.16666666666666,0.0,0.0,54.0,0.0,3585,1,0,0,1,0,0,1,0,1,12.16666666666666,54.0,1,1
91715702101.0,91715702,917157021,9,9,52,1,Hombre,4.0,2,No tiene discapacidad,1,1.5,0.0,0.0,0.0,1.5,0.0,59.0,0.0,3618,1,0,0,0,1,0,1,0,1,1.5,59.0,1,1
91715702102.0,91715702,917157021,9,9,46,2,Mujer,4.0,2,No tiene discapacidad,5,1.75,0.0,0.0,0.0,1.75,0.0,0.0,0.0,3555,1,0,0,0,1,0,0,0,1,1.75,0.0,0,0
91715702104.0,91715702,917157021,9,9,21,1,Hombre,4.0,2,No tiene discapacidad,4,1.5,0.0,0.0,0.0,1.5,0.0,0.0,0.0,3665,1,0,0,0,1,0,0,0,1,1.5,0.0,0,0
90020301101.0,90020301,900203011,9,9,65,1,Hombre,2.0,2,No tiene discapacidad,3,0.5,0.5,0.0,0.0,0.0,0.0,0.0,0.0,3918,1,1,0,0,0,0,0,0,1,0.5,0.0,0,0
91676503102.0,91676503,916765031,9,9,84,2,Mujer,3.0,2,No tiene discapacidad,5,7.0,0.0,0.0,0.0,7.0,0.0,0.0,0.0,3057,1,0,0,0,1,0,0,0,1,7.0,0.0,0,0
91676504101.0,91676504,916765041,9,9,72,1,Hombre,4.0,2,No tiene discapacidad,1,7.0,0.0,0.0,0.0,7.0,0.0,20.0,0.0,2944,1,0,0,0,1,0,1,0,1,7.0,20.0,1,1
91676504102.0,91676504,916765041,9,9,40,1,Hombre,4.0,2,No tiene discapacidad,1,0.33333333333333,0.0,0.0,0.0,0.0,0.33333333333333,15.0,0.0,3036,1,0,0,0,0,1,1,0,1,0.33333333333333,15.0,1,1
91676505101.0,91676505,916765051,9,9,62,2,Mujer,4.0,2,No tiene discapacidad,5,11.0,0.0,0.0,0.0,11.0,0.0,0.0,0.0,2934,1,0,0,0,1,0,0,0,1,11.0,0.0,0,0
91676505102.0,91676505,916765051,9,9,36,2,Mujer,4.0,2,No tiene discapacidad,1,3.33333333333333,0.0,0.0,0.0,0.0,3.33333333333333,66.0,0.0,2938,1,0,0,0,0,1,1,0,1,3.33333333333333,66.0,1,1
91678101101.0,91678101,916781011,9,9,82,2,Mujer,4.0,2,No tiene discapacidad,1,4.25,4.25,0.0,0.0,0.0,0.0,21.0,0.0,4205,1,1,0,0,0,0,1,0,1,4.25,21.0,1,1
91780504101.0,91780504,917805041,9,9,36,1,Hombre,5.0,2,No tiene discapacidad,1,35.0,10.0,0.0,0.0,25.0,0.0,45.0,0.0,3357,1,1,0,0,1,0,1,0,1,35.0,45.0,1,1
91780504102.0,91780504,917805041,9,9,35,2,Mujer,5.0,2,No tiene discapacidad,5,109.16666666666666,77.16666666666666,0.0,0.0,32.0,0.0,0.0,0.0,3309,1,1,0,0,1,0,0,0,1,109.16666666666666,0.0,0,0
91780505101.0,91780505,917805051,9,9,43,1,Hombre,5.0,2,No tiene discapacidad,1,8.0,0.0,0.0,0.0,8.0,0.0,24.0,0.0,3419,1,0,0,0,1,0,1,0,1,8.0,24.0,1,1
91103902102.0,91103902,911039021,9,9,75,1,Hombre,3.0,2,No tiene discapacidad,3,21.0,0.0,0.0,0.0,0.0,21.0,0.0,0.0,4629,1,0,0,0,0,1,0,0,1,21.0,0.0,0,0
91103903101.0,91103903,911039031,9,9,42,2,Mujer,3.0,2,No tiene discapacidad,1,22.0,0.0,0.0,0.0,22.0,0.0,55.0,0.0,4483,1,0,0,0,1,0,1,0,1,22.0,55.0,1,1
91103903102.0,91103903,911039031,9,9,19,2,Mujer,3.0,2,No tiene discapacidad,1,2.0,0.0,0.0,0.0,2.0,0.0,42.0,0.0,4562,1,0,0,0,1,0,1,0,1,2.0,42.0,1,1
91103904101.0,91103904,911039041,9,9,44,1,Hombre,3.0,2,No tiene discapacidad,1,8.0,0.0,0.0,0.0,8.0,0.0,40.0,0.0,4633,1,0,0,0,1,0,1,0,1,8.0,40.0,1,1
91890305303.0,91890305,918903053,9,9,26,2,Mujer,4.0,2,No tiene discapacidad,1,5.0,0.0,0.0,0.0,5.0,0.0,56.0,0.0,4249,1,0,0,0,1,0,1,0,1,5.0,56.0,1,1
91896301102.0,91896301,918963011,9,9,23,2,Mujer,2.0,2,No tiene discapacidad,1,1.0,0.0,0.0,0.0,1.0,0.0,58.0,0.0,4714,1,0,0,0,1,0,1,0,1,1.0,58.0,1,1
91896304101.0,91896304,918963041,9,9,72,2,Mujer,2.0,2,No tiene discapacidad,5,2.25,0.0,0.0,0.0,2.25,0.0,0.0,0.0,4696,1,0,0,0,1,0,0,0,1,2.25,0.0,0,0
90088601101.0,90088601,900886011,9,9,43,1,Hombre,2.0,2,No tiene discapacidad,1,3.83333333333333,0.0,0.0,2.83333333333333,1.0,0.0,57.0,0.0,4236,1,0,0,1,1,0,1,0,1,3.83333333333333,57.0,1,1
90088601102.0,90088601,900886011,9,9,39,2,Mujer,3.0,2,No tiene discapacidad,1,4.75,0.0,0.0,4.08333333333333,0.66666666666666,0.0,46.0,0.0,4099,1,0,0,1,1,0,1,0,1,4.75,46.0,1,1
91780505102.0,91780505,917805051,9,9,46,1,Hombre,4.0,2,No tiene discapacidad,1,6.0,0.0,0.0,0.0,6.0,0.0,40.0,0.0,3377,1,0,0,0,1,0,1,0,1,6.0,40.0,1,1
91826601101.0,91826601,918266011,9,9,62,1,Hombre,4.0,2,No tiene discapacidad,1,7.41666666666666,0.0,0.0,0.0,7.41666666666666,0.0,45.0,0.0,4156,1,0,0,0,1,0,1,0,1,7.41666666666666,45.0,1,1
91826601102.0,91826601,918266011,9,9,56,2,Mujer,4.0,2,No tiene discapacidad,1,1.5,0.0,0.0,0.0,0.0,1.5,45.0,0.0,4080,1,0,0,0,0,1,1,0,1,1.5,45.0,1,1
91826603101.0,91826603,918266031,9,9,27,2,Mujer,2.0,2,No tiene discapacidad,5,22.5,0.0,21.5,0.0,1.0,0.0,0.0,0.0,4148,1,0,1,0,1,0,0,0,1,22.5,0.0,0,0
91826603102.0,91826603,918266031,9,9,25,1,Hombre,2.0,2,No tiene discapacidad,1,6.83333333333333,0.0,5.83333333333333,0.0,1.0,0.0,64.0,0.0,4219,1,0,1,0,1,0,1,0,1,6.83333333333333,64.0,1,1
90473104103.0,90473104,904731041,9,9,67,2,Mujer,3.0,2,No tiene discapacidad,1,21.0,0.0,0.0,0.0,13.0,8.0,3.0,0.0,4004,1,0,0,0,1,1,1,0,1,21.0,3.0,1,1
90473104104.0,90473104,904731041,9,9,63,2,Mujer,4.0,2,No tiene discapacidad,3,5.0,0.0,0.0,0.0,2.0,3.0,0.0,0.0,3970,1,0,0,0,1,1,0,0,1,5.0,0.0,0,0
90473104105.0,90473104,904731041,9,9,60,2,Mujer,3.0,2,No tiene discapacidad,1,4.0,0.0,0.0,0.0,0.0,4.0,40.0,0.0,3970,1,0,0,0,0,1,1,0,1,4.0,40.0,1,1
90473104106.0,90473104,904731041,9,9,30,2,Mujer,5.0,2,No tiene discapacidad,1,8.0,0.0,0.0,0.0,0.0,8.0,45.0,0.0,3981,1,0,0,0,0,1,1,0,1,8.0,45.0,1,1
91896305101.0,91896305,918963051,9,9,25,1,Hombre,2.0,2,No tiene discapacidad,1,4.08333333333333,0.0,0.0,0.0,4.08333333333333,0.0,48.0,0.0,4738,1,0,0,0,1,0,1,0,1,4.08333333333333,48.0,1,1
91896305102.0,91896305,918963051,9,9,25,2,Mujer,2.0,2,No tiene discapacidad,1,1.33333333333333,0.0,0.0,0.0,1.33333333333333,0.0,48.0,0.0,4659,1,0,0,0,1,0,1,0,1,1.33333333333333,48.0,1,1
91896305103.0,91896305,918963051,9,9,19,2,Mujer,2.0,2,No tiene discapacidad,1,3.0,0.0,0.0,0.0,3.0,0.0,48.0,0.0,4709,1,0,0,0,1,0,1,0,1,3.0,48.0,1,1
91899401102.0,91899401,918994011,9,9,98,2,Mujer,4.0,2,No tiene discapacidad,1,1.0,0.0,0.0,0.0,1.0,0.0,45.0,0.0,3828,1,0,0,0,1,0,1,0,1,1.0,45.0,1,1
90473104101.0,90473104,904731041,9,9,91,2,Mujer,2.0,2,No tiene discapacidad,3,1.5,0.0,0.0,0.0,1.5,0.0,0.0,0.0,4790,1,0,0,0,1,0,0,0,1,1.5,0.0,0,0
91076901106.0,91076901,910769011,9,9,17,1,Hombre,3.0,2,No tiene discapacidad,1,0.5,0.5,0.0,0.0,0.0,0.0,7.0,0.0,5070,1,1,0,0,0,0,1,0,1,0.5,7.0,1,1
91076904101.0,91076904,910769041,9,9,36,1,Hombre,4.0,2,No tiene discapacidad,1,27.66666666666666,0.0,8.16666666666666,5.5,14.0,0.0,48.0,0.0,5037,1,0,1,1,1,0,1,0,1,27.66666666666666,48.0,1,1
91076904102.0,91076904,910769041,9,9,30,2,Mujer,4.0,2,No tiene discapacidad,5,24.5,0.0,6.0,14.5,4.0,0.0,0.0,0.0,4971,1,0,1,1,1,0,0,0,1,24.5,0.0,0,0
91097602102.0,91097602,910976021,9,9,59,1,Hombre,4.0,2,No tiene discapacidad,1,1.0,0.0,0.0,0.0,1.0,0.0,50.0,0.0,3030,1,0,0,0,1,0,1,0,1,1.0,50.0,1,1
91097602103.0,91097602,910976021,9,9,24,2,Mujer,,2,No tiene discapacidad,1,5.0,0.0,0.0,0.0,3.0,2.0,30.0,0.0,3031,1,0,0,0,1,1,1,0,1,5.0,30.0,1,1
91097603103.0,91097603,910976031,9,9,27,1,Hombre,4.0,2,No tiene discapacidad,1,0.5,0.0,0.0,0.0,0.5,0.0,50.0,0.0,3046,1,0,0,0,1,0,1,0,1,0.5,50.0,1,1
91097603104.0,91097603,910976031,9,9,24,2,Mujer,4.0,2,No tiene discapacidad,1,1.0,0.0,0.0,0.0,1.0,0.0,45.0,0.0,3031,1,0,0,0,1,0,1,0,1,1.0,45.0,1,1
90484702102.0,90484702,904847021,9,9,29,2,Mujer,4.0,2,No tiene discapacidad,1,2.5,0.0,0.0,0.0,0.5,2.0,50.0,0.0,4397,1,0,0,0,1,1,1,0,1,2.5,50.0,1,1
90484702103.0,90484702,904847021,9,9,64,1,Hombre,4.0,2,No tiene discapacidad,1,2.0,1.0,0.0,0.0,0.0,1.0,40.0,0.0,4405,1,1,0,0,0,1,1,0,1,2.0,40.0,1,1
90484704101.0,90484704,904847041,9,9,53,1,Hombre,4.0,2,No tiene discapacidad,2,7.5,0.0,0.0,0.0,7.5,0.0,0.0,1.0,4438,1,0,0,0,1,0,0,1,1,7.5,0.0,0,0
90484704102.0,90484704,904847041,9,9,52,2,Mujer,2.0,2,No tiene discapacidad,1,1.0,0.0,0.0,0.0,1.0,0.0,16.0,0.0,4395,1,0,0,0,1,0,1,0,1,1.0,16.0,1,1
90484704103.0,90484704,904847041,9,9,33,2,Mujer,4.0,2,No tiene discapacidad,1,4.0,0.0,0.0,0.0,4.0,0.0,60.0,0.0,4374,1,0,0,0,1,0,1,0,1,4.0,60.0,1,1
90484704104.0,90484704,904847041,9,9,28,2,Mujer,4.0,2,No tiene discapacidad,1,1.5,0.0,0.0,0.0,1.5,0.0,55.0,0.0,4397,1,0,0,0,1,0,1,0,1,1.5,55.0,1,1
90484704105.0,90484704,904847041,9,9,21,2,Mujer,3.0,2,No tiene discapacidad,4,1.5,0.0,0.0,0.0,1.5,0.0,0.0,0.0,4449,1,0,0,0,1,0,0,0,1,1.5,0.0,0,0
90484704106.0,90484704,904847041,9,9,33,1,Hombre,2.0,2,No tiene discapacidad,1,3.0,0.0,0.0,0.0,3.0,0.0,60.0,0.0,4502,1,0,0,0,1,0,1,0,1,3.0,60.0,1,1
90484705101.0,90484705,904847051,9,9,33,1,Hombre,4.0,2,No tiene discapacidad,1,8.0,0.0,0.0,7.0,1.0,0.0,45.0,0.0,4502,1,0,0,1,1,0,1,0,1,8.0,45.0,1,1
90484705102.0,90484705,904847051,9,9,30,2,Mujer,4.0,2,No tiene discapacidad,1,13.83333333333333,0.0,0.0,12.83333333333333,1.0,0.0,52.0,0.0,4374,1,0,0,1,1,0,1,0,1,13.83333333333333,52.0,1,1
90514101101.0,90514101,905141011,9,9,47,1,Hombre,2.0,2,No tiene discapacidad,1,2.0,0.0,0.0,0.0,2.0,0.0,54.0,0.0,3910,1,0,0,0,1,0,1,0,1,2.0,54.0,1,1
91076905101.0,91076905,910769051,9,9,31,1,Hombre,3.0,2,No tiene discapacidad,1,32.33333333333333,0.0,16.16666666666666,0.0,16.16666666666666,0.0,54.0,0.0,5116,1,0,1,0,1,0,1,0,1,32.33333333333333,54.0,1,1
91076905102.0,91076905,910769051,9,9,28,2,Mujer,3.0,2,No tiene discapacidad,1,55.33333333333333,0.0,41.33333333333333,0.0,14.0,0.0,12.0,0.0,4998,1,0,1,0,1,0,1,0,1,55.33333333333333,12.0,1,1
91077804201.0,91077804,910778042,9,9,49,2,Mujer,4.0,2,No tiene discapacidad,1,3.83333333333333,0.0,0.0,0.0,3.83333333333333,0.0,40.13333333333333,0.0,3662,1,0,0,0,1,0,1,0,1,3.83333333333333,40.13333333333333,1,1
91097605101.0,91097605,910976051,9,9,65,1,Hombre,4.0,2,No tiene discapacidad,3,4.0,0.0,0.0,0.0,0.0,4.0,0.0,0.0,2996,1,0,0,0,0,1,0,0,1,4.0,0.0,0,0
91829101103.0,91829101,918291011,9,9,26,2,Mujer,4.0,2,No tiene discapacidad,2,0.33333333333333,0.0,0.0,0.0,0.33333333333333,0.0,0.0,3.0,3158,1,0,0,0,1,0,0,1,1,0.33333333333333,0.0,0,0
91829102102.0,91829102,918291021,9,9,84,2,Mujer,3.0,2,No tiene discapacidad,5,3.66666666666666,3.66666666666666,0.0,0.0,0.0,0.0,0.0,0.0,3264,1,1,0,0,0,0,0,0,1,3.66666666666666,0.0,0,0
91829103101.0,91829103,918291031,9,9,40,1,Hombre,4.0,2,No tiene discapacidad,1,13.25,0.0,0.0,0.0,13.25,0.0,40.0,0.0,3242,1,0,0,0,1,0,1,0,1,13.25,40.0,1,1
90162901101.0,90162901,901629011,9,9,61,2,Mujer,2.0,2,No tiene discapacidad,1,4.0,0.0,0.0,0.0,4.0,0.0,77.0,0.0,4355,1,0,0,0,1,0,1,0,1,4.0,77.0,1,1
90162903102.0,90162903,901629031,9,9,75,2,Mujer,3.0,2,No tiene discapacidad,5,5.0,0.0,0.0,0.0,0.0,5.0,0.0,0.0,4427,1,0,0,0,0,1,0,0,1,5.0,0.0,0,0
90162904101.0,90162904,901629041,9,9,66,1,Hombre,5.0,2,No tiene discapacidad,3,4.0,0.0,0.0,0.0,4.0,0.0,0.0,0.0,4391,1,0,0,0,1,0,0,0,1,4.0,0.0,0,0
90162904102.0,90162904,901629041,9,9,52,2,Mujer,4.0,2,No tiene discapacidad,5,3.0,0.0,0.0,0.0,1.0,2.0,0.0,0.0,4388,1,0,0,0,1,1,0,0,1,3.0,0.0,0,0
90162904103.0,90162904,901629041,9,9,19,2,Mujer,3.0,2,No tiene discapacidad,4,1.75,0.0,0.0,0.0,0.75,1.0,0.0,0.0,4438,1,0,0,0,1,1,0,0,1,1.75,0.0,0,0
90514101102.0,90514101,905141011,9,9,26,2,Mujer,3.0,2,No tiene discapacidad,1,3.66666666666666,2.66666666666666,0.0,0.0,1.0,0.0,48.0,0.0,3856,1,1,0,0,1,0,1,0,1,3.66666666666666,48.0,1,1
90514101103.0,90514101,905141011,9,9,25,1,Hombre,3.0,2,No tiene discapacidad,5,4.0,0.0,0.0,0.0,4.0,0.0,0.0,0.0,3921,1,0,0,0,1,0,0,0,1,4.0,0.0,0,0
90514101104.0,90514101,905141011,9,9,21,1,Hombre,3.0,2,No tiene discapacidad,1,9.66666666666666,6.66666666666666,0.0,0.0,3.0,0.0,60.0,0.0,3943,1,1,0,0,1,0,1,0,1,9.66666666666666,60.0,1,1
90514102101.0,90514102,905141021,9,9,81,1,Hombre,4.0,2,No tiene discapacidad,3,20.0,0.0,0.0,0.0,7.0,13.0,0.0,0.0,3994,1,0,0,0,1,1,0,0,1,20.0,0.0,0,0
90514102102.0,90514102,905141021,9,9,72,2,Mujer,3.0,2,No tiene discapacidad,5,3.0,0.0,0.0,0.0,0.0,3.0,0.0,0.0,3887,1,0,0,0,0,1,0,0,1,3.0,0.0,0,0
90514102103.0,90514102,905141021,9,9,52,1,Hombre,5.0,2,No tiene discapacidad,1,15.0,0.0,0.0,0.0,15.0,0.0,60.0,0.0,3891,1,0,0,0,1,0,1,0,1,15.0,60.0,1,1
90514102104.0,90514102,905141021,9,9,50,2,Mujer,5.0,2,No tiene discapacidad,5,12.0,0.0,0.0,0.0,12.0,0.0,0.0,0.0,3854,1,0,0,0,1,0,0,0,1,12.0,0.0,0,0
91077804202.0,91077804,910778042,9,9,22,1,Hombre,4.0,2,No tiene discapacidad,4,2.5,0.0,0.0,0.0,2.5,0.0,0.0,0.0,3775,1,0,0,0,1,0,0,0,1,2.5,0.0,0,0
91097601101.0,91097601,910976011,9,9,51,1,Hombre,3.0,2,No tiene discapacidad,1,1.83333333333333,0.0,0.0,0.0,1.83333333333333,0.0,48.0,0.0,3023,1,0,0,0,1,0,1,0,1,1.83333333333333,48.0,1,1
91097601103.0,91097601,910976011,9,9,26,2,Mujer,4.0,2,No tiene discapacidad,1,1.0,0.0,0.0,0.0,1.0,0.0,50.0,0.0,2995,1,0,0,0,1,0,1,0,1,1.0,50.0,1,1
91097601104.0,91097601,910976011,9,9,22,1,Hombre,4.0,2,No tiene discapacidad,4,0.16666666666666,0.0,0.0,0.0,0.16666666666666,0.0,0.0,0.0,3062,1,0,0,0,1,0,0,0,1,0.16666666666666,0.0,0,0
91829103102.0,91829103,918291031,9,9,35,2,Mujer,4.0,2,No tiene discapacidad,1,1.66666666666666,0.0,0.0,0.0,1.66666666666666,0.0,40.0,0.0,3137,1,0,0,0,1,0,1,0,1,1.66666666666666,40.0,1,1
91829104101.0,91829104,918291041,9,9,45,1,Hombre,4.0,2,No tiene discapacidad,1,10.5,0.0,8.5,0.0,2.0,0.0,85.0,0.0,3203,1,0,1,0,1,0,1,0,1,10.5,85.0,1,1
91829104102.0,91829104,918291041,9,9,40,2,Mujer,5.0,2,No tiene discapacidad,5,53.0,0.0,53.0,0.0,0.0,0.0,0.0,0.0,3137,1,0,1,0,0,0,0,0,1,53.0,0.0,0,0
91829105102.0,91829105,918291051,9,9,33,1,Hombre,3.0,2,No tiene discapacidad,1,2.0,0.0,0.0,0.0,2.0,0.0,51.0,0.0,3233,1,0,0,0,1,0,1,0,1,2.0,51.0,1,1
91829105103.0,91829105,918291051,9,9,27,1,Hombre,3.0,2,No tiene discapacidad,1,0.5,0.0,0.0,0.0,0.5,0.0,54.0,0.0,3212,1,0,0,0,1,0,1,0,1,0.5,54.0,1,1
91119401101.0,91119401,911194011,9,9,50,2,Mujer,5.0,2,No tiene discapacidad,1,4.16666666666666,0.0,0.0,0.0,4.16666666666666,0.0,0.0,0.0,2789,1,0,0,0,1,0,0,0,1,4.16666666666666,0.0,0,0
91119401102.0,91119401,911194011,9,9,25,2,Mujer,5.0,2,No tiene discapacidad,4,0.75,0.0,0.0,0.0,0.75,0.0,0.0,0.0,2790,1,0,0,0,1,0,0,0,1,0.75,0.0,0,0
91119403101.0,91119403,911194031,9,9,42,1,Hombre,4.0,2,No tiene discapacidad,1,19.0,0.0,0.0,7.0,12.0,0.0,40.0,0.0,2864,1,0,0,1,1,0,1,0,1,19.0,40.0,1,1
91119403102.0,91119403,911194031,9,9,40,2,Mujer,4.0,2,No tiene discapacidad,1,37.66666666666666,0.0,0.0,31.66666666666666,6.0,0.0,20.0,0.0,2772,1,0,0,1,1,0,1,0,1,37.66666666666666,20.0,1,1
90514102105.0,90514102,905141021,9,9,21,2,Mujer,4.0,2,No tiene discapacidad,4,4.0,0.0,0.0,0.0,2.0,2.0,0.0,0.0,3902,1,0,0,0,1,1,0,0,1,4.0,0.0,0,0
90514102106.0,90514102,905141021,9,9,17,2,Mujer,3.0,2,No tiene discapacidad,4,5.5,0.0,0.0,0.0,0.0,5.5,0.0,0.0,3897,1,0,0,0,0,1,0,0,1,5.5,0.0,0,0
90120505103.0,90120505,901205051,9,9,22,1,Hombre,4.0,2,No tiene discapacidad,1,2.75,0.0,0.0,1.75,1.0,0.0,40.0,0.0,4253,1,0,0,1,1,0,1,0,1,2.75,40.0,1,1
90120505104.0,90120505,901205051,9,9,20,1,Hombre,4.0,2,No tiene discapacidad,4,2.66666666666666,0.0,0.0,0.33333333333333,2.33333333333333,0.0,0.0,0.0,4253,1,0,0,1,1,0,0,0,1,2.66666666666666,0.0,0,0
90120505105.0,90120505,901205051,9,9,19,1,Hombre,4.0,2,No tiene discapacidad,4,8.33333333333333,0.0,0.0,0.5,7.83333333333333,0.0,0.0,0.0,4219,1,0,0,1,1,0,0,0,1,8.33333333333333,0.0,0,0
90150001101.0,90150001,901500011,9,9,38,2,Mujer,2.0,2,No tiene discapacidad,1,2.0,0.0,0.0,0.0,2.0,0.0,46.0,0.0,3188,1,0,0,0,1,0,1,0,1,2.0,46.0,1,1
91992705102.0,91992705,919927051,9,9,60,2,Mujer,3.0,2,No tiene discapacidad,5,5.0,0.0,0.0,0.0,5.0,0.0,0.0,0.0,3186,1,0,0,0,1,0,0,0,1,5.0,0.0,0,0
92025902101.0,92025902,920259021,9,9,35,2,Mujer,3.0,2,No tiene discapacidad,1,22.66666666666666,0.0,0.0,12.16666666666666,10.5,0.0,40.0,0.0,3221,1,0,0,1,1,0,1,0,1,22.66666666666666,40.0,1,1
92025902103.0,92025902,920259021,9,9,15,1,Hombre,3.0,2,No tiene discapacidad,4,5.5,0.0,0.0,3.16666666666666,2.33333333333333,0.0,0.0,0.0,3289,1,0,0,1,1,0,0,0,1,5.5,0.0,0,0
91879901101.0,91879901,918799011,9,9,36,2,Mujer,2.0,2,No tiene discapacidad,5,39.0,36.83333333333333,0.0,1.16666666666666,1.0,0.0,0.0,0.0,5575,1,1,0,1,1,0,0,0,1,39.0,0.0,0,0
91879901104.0,91879901,918799011,9,9,40,1,Hombre,2.0,2,No tiene discapacidad,2,9.41666666666666,7.66666666666666,0.0,1.75,0.0,0.0,0.0,4.0,5761,1,1,0,1,0,0,0,1,1,9.41666666666666,0.0,0,0
91120204101.0,91120204,911202041,9,9,36,1,Hombre,5.0,2,No tiene discapacidad,1,18.33333333333333,0.0,5.33333333333333,0.0,13.0,0.0,50.0,0.0,3995,1,0,1,0,1,0,1,0,1,18.33333333333333,50.0,1,1
91120204102.0,91120204,911202041,9,9,35,2,Mujer,5.0,2,No tiene discapacidad,5,28.5,0.0,27.0,0.0,1.5,0.0,0.0,0.0,3938,1,0,1,0,1,0,0,0,1,28.5,0.0,0,0
91120205101.0,91120205,911202051,9,9,77,1,Hombre,4.0,2,No tiene discapacidad,3,14.0,0.0,0.0,0.0,0.0,14.0,0.0,0.0,4066,1,0,0,0,0,1,0,0,1,14.0,0.0,0,0
91120205102.0,91120205,911202051,9,9,69,2,Mujer,4.0,2,No tiene discapacidad,5,5.0,0.0,0.0,0.0,0.0,5.0,0.0,0.0,3966,1,0,0,0,0,1,0,0,1,5.0,0.0,0,0
91317702101.0,91317702,913177021,9,9,54,1,Hombre,4.0,2,No tiene discapacidad,1,24.83333333333333,0.0,0.0,17.83333333333333,7.0,0.0,40.0,0.0,3333,1,0,0,1,1,0,1,0,1,24.83333333333333,40.0,1,1
91317702102.0,91317702,913177021,9,9,54,2,Mujer,3.0,2,No tiene discapacidad,1,3.5,0.0,0.0,3.5,0.0,0.0,25.0,0.0,3301,1,0,0,1,0,0,1,0,1,3.5,25.0,1,1
90150002101.0,90150002,901500021,9,9,44,1,Hombre,3.0,2,No tiene discapacidad,1,3.0,0.0,0.0,0.0,3.0,0.0,64.0,0.0,3295,1,0,0,0,1,0,1,0,1,3.0,64.0,1,1
90150002103.0,90150002,901500021,9,9,20,1,Hombre,4.0,2,No tiene discapacidad,4,1.33333333333333,0.0,0.0,0.0,1.33333333333333,0.0,0.0,0.0,3282,1,0,0,0,1,0,0,0,1,1.33333333333333,0.0,0,0
90150003101.0,90150003,901500031,9,9,41,1,Hombre,2.0,2,No tiene discapacidad,1,8.16666666666666,3.33333333333333,0.0,2.5,2.33333333333333,0.0,44.0,0.0,3295,1,1,0,1,1,0,1,0,1,8.16666666666666,44.0,1,1
90150003102.0,90150003,901500031,9,9,35,2,Mujer,2.0,2,No tiene discapacidad,1,15.75,2.75,0.0,12.0,1.0,0.0,50.0,0.0,3188,1,1,0,1,1,0,1,0,1,15.75,50.0,1,1
90044302101.0,90044302,900443021,9,9,51,2,Mujer,4.0,2,No tiene discapacidad,1,29.16666666666666,21.25,7.91666666666666,0.0,0.0,0.0,0.0,0.0,3016,1,1,1,0,0,0,0,0,1,29.16666666666666,0.0,0,0
90044302102.0,90044302,900443021,9,9,21,2,Mujer,3.0,2,No tiene discapacidad,6,31.33333333333333,0.0,31.33333333333333,0.0,0.0,0.0,0.0,0.0,3053,1,0,1,0,0,0,0,0,1,31.33333333333333,0.0,0,0
90044303101.0,90044303,900443031,9,9,75,2,Mujer,1.0,2,No tiene discapacidad,5,1.58333333333333,0.0,0.0,0.0,1.58333333333333,0.0,0.0,0.0,3042,1,0,0,0,1,0,0,0,1,1.58333333333333,0.0,0,0
91879902101.0,91879902,918799021,9,9,36,1,Hombre,2.0,2,No tiene discapacidad,1,3.0,0.0,0.0,3.0,0.0,0.0,42.0,0.0,5656,1,0,0,1,0,0,1,0,1,3.0,42.0,1,1
91879902102.0,91879902,918799021,9,9,30,2,Mujer,2.0,2,No tiene discapacidad,5,10.41666666666666,0.0,0.0,10.16666666666666,0.25,0.0,0.0,0.0,5582,1,0,0,1,1,0,0,0,1,10.41666666666666,0.0,0,0
91879903101.0,91879903,918799031,9,9,52,1,Hombre,3.0,2,No tiene discapacidad,1,6.0,0.0,6.0,0.0,0.0,0.0,60.0,0.0,5664,1,0,1,0,0,0,1,0,1,6.0,60.0,1,1
91879903102.0,91879903,918799031,9,9,55,2,Mujer,2.0,2,No tiene discapacidad,5,12.0,0.0,12.0,0.0,0.0,0.0,0.0,0.0,5520,1,0,1,0,0,0,0,0,1,12.0,0.0,0,0
91879903103.0,91879903,918799031,9,9,29,1,Hombre,3.0,2,No tiene discapacidad,1,4.5,0.0,4.5,0.0,0.0,0.0,45.0,0.0,5707,1,0,1,0,0,0,1,0,1,4.5,45.0,1,1
91879903104.0,91879903,918799031,9,9,28,2,Mujer,4.0,2,No tiene discapacidad,1,27.08333333333333,0.0,25.58333333333333,0.0,1.5,0.0,54.0,0.0,5612,1,0,1,0,1,0,1,0,1,27.08333333333333,54.0,1,1
91879904101.0,91879904,918799041,9,9,77,1,Hombre,3.0,2,No tiene discapacidad,1,1.75,0.0,0.0,0.0,0.0,1.75,42.0,0.0,5757,1,0,0,0,0,1,1,0,1,1.75,42.0,1,1
91116601102.0,91116601,911166011,9,9,40,2,Mujer,4.0,2,No tiene discapacidad,5,21.66666666666666,0.0,0.0,21.0,0.66666666666666,0.0,0.0,0.0,4051,1,0,0,1,1,0,0,0,1,21.66666666666666,0.0,0,0
91116602101.0,91116602,911166021,9,9,46,2,Mujer,3.0,2,No tiene discapacidad,1,26.0,0.0,0.0,19.0,7.0,0.0,40.0,0.0,4044,1,0,0,1,1,0,1,0,1,26.0,40.0,1,1
91116602102.0,91116602,911166021,9,9,25,1,Hombre,3.0,2,No tiene discapacidad,1,3.91666666666666,0.0,0.0,2.66666666666666,1.25,0.0,43.0,0.0,4147,1,0,0,1,1,0,1,0,1,3.91666666666666,43.0,1,1
90150004101.0,90150004,901500041,9,9,64,2,Mujer,4.0,2,No tiene discapacidad,1,2.0,0.0,0.5,0.0,0.5,1.0,44.0,0.0,3184,1,0,1,0,1,1,1,0,1,2.0,44.0,1,1
90150004102.0,90150004,901500041,9,9,87,1,Hombre,2.0,2,No tiene discapacidad,3,7.5,0.0,2.0,0.0,3.5,2.0,0.0,0.0,3437,1,0,1,0,1,1,0,0,1,7.5,0.0,0,0
90150004103.0,90150004,901500041,9,9,67,1,Hombre,3.0,2,No tiene discapacidad,1,4.0,0.0,0.0,0.0,0.0,4.0,16.0,0.0,3210,1,0,0,0,0,1,1,0,1,4.0,16.0,1,1
90150004104.0,90150004,901500041,9,9,43,1,Hombre,3.0,2,No tiene discapacidad,1,22.63333333333333,0.0,18.63333333333333,0.0,2.5,1.5,42.0,0.0,3295,1,0,1,0,1,1,1,0,1,22.63333333333333,42.0,1,1
90150004105.0,90150004,901500041,9,9,28,2,Mujer,2.0,2,No tiene discapacidad,5,10.55,0.0,10.55,0.0,0.0,0.0,0.0,0.0,3209,1,0,1,0,0,0,0,0,1,10.55,0.0,0,0
90150004106.0,90150004,901500041,9,9,17,1,Hombre,3.0,2,No tiene discapacidad,4,0.66666666666666,0.0,0.66666666666666,0.0,0.0,0.0,0.0,0.0,3256,1,0,1,0,0,0,0,0,1,0.66666666666666,0.0,0,0
90044304104.0,90044304,900443041,9,9,40,2,Mujer,4.0,2,No tiene discapacidad,1,3.83333333333333,0.0,0.0,0.0,3.83333333333333,0.0,40.0,0.0,2997,1,0,0,0,1,0,1,0,1,3.83333333333333,40.0,1,1
90044305102.0,90044305,900443051,9,9,30,1,Hombre,4.0,2,No tiene discapacidad,2,3.0,0.0,0.0,0.0,0.0,3.0,0.0,6.0,3088,1,0,0,0,0,1,0,1,1,3.0,0.0,0,0
90049401101.0,90049401,900494011,9,9,80,1,Hombre,5.0,2,No tiene discapacidad,1,2.0,2.0,0.0,0.0,0.0,0.0,12.0,0.0,4258,1,1,0,0,0,0,1,0,1,2.0,12.0,1,1
90049401102.0,90049401,900494011,9,9,50,2,Mujer,5.0,2,No tiene discapacidad,1,10.0,0.0,0.0,0.0,0.0,10.0,46.0,0.0,4109,1,0,0,0,0,1,1,0,1,10.0,46.0,1,1
90049402101.0,90049402,900494021,9,9,65,1,Hombre,2.0,2,No tiene discapacidad,5,4.5,0.0,0.0,0.0,4.0,0.5,0.0,0.0,4112,1,0,0,0,1,1,0,0,1,4.5,0.0,0,0
91879904102.0,91879904,918799041,9,9,71,2,Mujer,2.0,2,No tiene discapacidad,1,0.5,0.0,0.0,0.0,0.0,0.5,48.0,0.0,5658,1,0,0,0,0,1,1,0,1,0.5,48.0,1,1
91879905101.0,91879905,918799051,9,9,72,1,Hombre,2.0,2,No tiene discapacidad,5,0.5,0.0,0.0,0.0,0.0,0.5,0.0,0.0,5587,1,0,0,0,0,1,0,0,1,0.5,0.0,0,0
90429001101.0,90429001,904290011,9,9,48,2,Mujer,2.0,2,No tiene discapacidad,1,2.0,0.0,0.0,0.0,2.0,0.0,40.0,0.0,3201,1,0,0,0,1,0,1,0,1,2.0,40.0,1,1
90429001102.0,90429001,904290011,9,9,28,2,Mujer,4.0,2,No tiene discapacidad,1,3.0,0.0,0.0,0.0,3.0,0.0,40.0,0.0,3228,1,0,0,0,1,0,1,0,1,3.0,40.0,1,1
91120202101.0,91120202,911202021,9,9,37,1,Hombre,4.0,2,No tiene discapacidad,1,15.0,0.0,0.0,0.0,15.0,0.0,40.0,0.0,3995,1,0,0,0,1,0,1,0,1,15.0,40.0,1,1
91120203101.0,91120203,911202031,9,9,47,1,Hombre,5.0,2,No tiene discapacidad,1,11.5,0.0,0.0,9.0,2.5,0.0,43.0,0.0,4020,1,0,0,1,1,0,1,0,1,11.5,43.0,1,1
91120203102.0,91120203,911202031,9,9,46,2,Mujer,5.0,2,No tiene discapacidad,6,25.0,0.0,0.0,11.0,14.0,0.0,0.0,0.0,3931,1,0,0,1,1,0,0,0,1,25.0,0.0,0,0
91826605103.0,91826605,918266051,9,9,51,1,Hombre,3.0,2,No tiene discapacidad,1,4.5,0.0,0.0,0.0,4.5,0.0,50.0,0.0,4187,1,0,0,0,1,0,1,0,1,4.5,50.0,1,1
91829101101.0,91829101,918291011,9,9,54,1,Hombre,3.0,2,No tiene discapacidad,1,3.0,0.0,0.0,0.0,3.0,0.0,70.0,0.0,3187,1,0,0,0,1,0,1,0,1,3.0,70.0,1,1
91829101102.0,91829101,918291011,9,9,52,2,Mujer,3.0,2,No tiene discapacidad,5,7.0,0.0,0.0,0.0,7.0,0.0,0.0,0.0,3157,1,0,0,0,1,0,0,0,1,7.0,0.0,0,0
90049402103.0,90049402,900494021,9,9,29,2,Mujer,4.0,2,No tiene discapacidad,4,1.0,0.0,0.0,0.0,1.0,0.0,0.0,0.0,4111,1,0,0,0,1,0,0,0,1,1.0,0.0,0,0
90049402104.0,90049402,900494021,9,9,24,2,Mujer,4.0,2,No tiene discapacidad,4,1.66666666666666,0.0,0.0,0.0,0.66666666666666,1.0,0.0,0.0,4160,1,0,0,0,1,1,0,0,1,1.66666666666666,0.0,0,0
90049402105.0,90049402,900494021,9,9,22,2,Mujer,2.0,1,Sí tiene discapacidad,4,2.0,0.0,0.0,0.0,2.0,0.0,0.0,0.0,4160,1,0,0,0,1,0,0,0,1,2.0,0.0,0,0
90049403102.0,90049403,900494031,9,9,54,1,Hombre,3.0,2,No tiene discapacidad,1,3.25,0.0,0.0,0.0,3.25,0.0,40.0,0.0,4149,1,0,0,0,1,0,1,0,1,3.25,40.0,1,1
90049403103.0,90049403,900494031,9,9,22,1,Hombre,4.0,1,Sí tiene discapacidad,4,0.11666666666666,0.0,0.0,0.0,0.11666666666666,0.0,0.0,0.0,4203,1,0,0,0,1,0,0,0,1,0.11666666666666,0.0,0,0
90429003101.0,90429003,904290031,9,9,57,1,Hombre,3.0,2,No tiene discapacidad,3,3.66666666666666,0.0,0.0,0.0,3.66666666666666,0.0,0.0,0.0,3266,1,0,0,0,1,0,0,0,1,3.66666666666666,0.0,0,0
90429003102.0,90429003,904290031,9,9,27,1,Hombre,3.0,2,No tiene discapacidad,1,1.0,0.0,0.0,0.0,1.0,0.0,48.0,0.0,3283,1,0,0,0,1,0,1,0,1,1.0,48.0,1,1
90429003103.0,90429003,904290031,9,9,18,1,Hombre,3.0,2,No tiene discapacidad,4,2.0,0.0,0.0,0.0,2.0,0.0,0.0,0.0,3275,1,0,0,0,1,0,0,0,1,2.0,0.0,0,0
90429003104.0,90429003,904290031,9,9,24,2,Mujer,4.0,2,No tiene discapacidad,4,3.5,0.0,0.0,0.0,3.5,0.0,0.0,0.0,3266,1,0,0,0,1,0,0,0,1,3.5,0.0,0,0
90429004101.0,90429004,904290041,9,9,48,2,Mujer,4.0,2,No tiene discapacidad,3,10.0,0.0,0.0,0.0,10.0,0.0,0.0,0.0,3201,1,0,0,0,1,0,0,0,1,10.0,0.0,0,0
90429004102.0,90429004,904290041,9,9,17,2,Mujer,3.0,2,No tiene discapacidad,4,0.33333333333333,0.0,0.0,0.0,0.33333333333333,0.0,0.0,0.0,3263,1,0,0,0,1,0,0,0,1,0.33333333333333,0.0,0,0
90429005101.0,90429005,904290051,9,9,25,1,Hombre,2.0,2,No tiene discapacidad,1,19.66666666666666,0.0,14.0,1.66666666666666,4.0,0.0,48.0,0.0,3283,1,0,1,1,1,0,1,0,1,19.66666666666666,48.0,1,1
91317702103.0,91317702,913177021,9,9,32,2,Mujer,2.0,2,No tiene discapacidad,1,32.66666666666666,0.0,0.0,32.66666666666666,0.0,0.0,40.0,0.0,3285,1,0,0,1,0,0,1,0,1,32.66666666666666,40.0,1,1
91317704101.0,91317704,913177041,9,9,67,2,Mujer,4.0,2,No tiene discapacidad,1,14.0,0.0,0.0,0.0,7.0,7.0,55.0,0.0,3304,1,0,0,0,1,1,1,0,1,14.0,55.0,1,1
91317704102.0,91317704,913177041,9,9,62,2,Mujer,4.0,2,No tiene discapacidad,1,7.0,0.0,0.0,0.0,3.5,3.5,45.0,0.0,3276,1,0,0,0,1,1,1,0,1,7.0,45.0,1,1
91317704103.0,91317704,913177041,9,9,38,1,Hombre,4.0,2,No tiene discapacidad,1,4.0,0.0,0.0,0.0,0.0,4.0,40.0,0.0,3328,1,0,0,0,0,1,1,0,1,4.0,40.0,1,1
90359505101.0,90359505,903595051,9,9,55,2,Mujer,2.0,2,No tiene discapacidad,1,0.5,0.0,0.0,0.0,0.5,0.0,48.0,0.0,4436,1,0,0,0,1,0,1,0,1,0.5,48.0,1,1
90359505102.0,90359505,903595051,9,9,31,2,Mujer,3.0,2,No tiene discapacidad,1,1.0,0.0,0.0,0.0,1.0,0.0,48.0,0.0,4486,1,0,0,0,1,0,1,0,1,1.0,48.0,1,1
90384801102.0,90384801,903848011,9,9,59,1,Hombre,3.0,2,No tiene discapacidad,1,2.0,0.0,0.0,0.0,0.0,2.0,0.0,0.0,4152,1,0,0,0,0,1,0,0,1,2.0,0.0,0,0
90384802101.0,90384802,903848021,9,9,49,1,Hombre,3.0,2,No tiene discapacidad,1,5.0,0.0,0.0,5.0,0.0,0.0,35.0,0.0,4161,1,0,0,1,0,0,1,0,1,5.0,35.0,1,1
90384802102.0,90384802,903848021,9,9,44,2,Mujer,2.0,2,No tiene discapacidad,1,26.0,0.0,0.0,26.0,0.0,0.0,77.0,0.0,4076,1,0,0,1,0,0,1,0,1,26.0,77.0,1,1
90049405101.0,90049405,900494051,9,9,27,1,Hombre,4.0,2,No tiene discapacidad,1,29.0,0.0,0.0,13.5,15.5,0.0,40.13333333333333,0.0,4181,1,0,0,1,1,0,1,0,1,29.0,40.13333333333333,1,1
90049405102.0,90049405,900494051,9,9,26,2,Mujer,3.0,2,No tiene discapacidad,5,14.5,0.0,0.0,7.5,7.0,0.0,0.0,0.0,4111,1,0,0,1,1,0,0,0,1,14.5,0.0,0,0
90061801101.0,90061801,900618011,9,9,37,2,Mujer,3.0,2,No tiene discapacidad,1,9.5,0.0,0.0,9.5,0.0,0.0,58.0,0.0,3459,1,0,0,1,0,0,1,0,1,9.5,58.0,1,1
90429005102.0,90429005,904290051,9,9,27,2,Mujer,2.0,2,No tiene discapacidad,5,42.58333333333333,0.0,35.25,7.33333333333333,0.0,0.0,0.0,0.0,3228,1,0,1,1,0,0,0,0,1,42.58333333333333,0.0,0,0
90439601101.0,90439601,904396011,9,9,47,1,Hombre,4.0,2,No tiene discapacidad,1,5.16666666666666,0.0,0.0,0.0,5.16666666666666,0.0,40.0,0.0,3803,1,0,0,0,1,0,1,0,1,5.16666666666666,40.0,1,1
90439601102.0,90439601,904396011,9,9,51,2,Mujer,4.0,2,No tiene discapacidad,1,4.0,0.0,0.0,0.0,4.0,0.0,48.0,0.0,3749,1,0,0,0,1,0,1,0,1,4.0,48.0,1,1
90439603101.0,90439603,904396031,9,9,64,2,Mujer,2.0,2,No tiene discapacidad,1,7.0,0.0,0.0,0.0,7.0,0.0,40.0,0.0,3721,1,0,0,0,1,0,1,0,1,7.0,40.0,1,1
90439603102.0,90439603,904396031,9,9,38,2,Mujer,3.0,2,No tiene discapacidad,1,14.0,0.0,0.0,0.0,14.0,0.0,56.0,0.0,3726,1,0,0,0,1,0,1,0,1,14.0,56.0,1,1
91116605101.0,91116605,911166051,9,9,60,2,Mujer,3.0,2,No tiene discapacidad,1,7.0,0.0,0.0,0.0,7.0,0.0,25.0,0.0,4045,1,0,0,0,1,0,1,0,1,7.0,25.0,1,1
91116605102.0,91116605,911166051,9,9,59,1,Hombre,4.0,2,No tiene discapacidad,3,1.0,0.0,0.0,0.0,0.0,1.0,0.0,0.0,4126,1,0,0,0,0,1,0,0,1,1.0,0.0,0,0
91119102101.0,91119102,911191021,9,9,39,2,Mujer,5.0,2,No tiene discapacidad,1,58.0,0.0,58.0,0.0,0.0,0.0,52.0,0.0,3753,1,0,1,0,0,0,1,0,1,58.0,52.0,1,1
90384802103.0,90384802,903848021,9,9,21,1,Hombre,4.0,2,No tiene discapacidad,1,5.0,0.0,0.0,4.0,1.0,0.0,36.0,0.0,4196,1,0,0,1,1,0,1,0,1,5.0,36.0,1,1
90384802104.0,90384802,903848021,9,9,28,2,Mujer,4.0,2,No tiene discapacidad,1,0.25,0.0,0.0,0.0,0.25,0.0,42.0,0.0,4104,1,0,0,0,1,0,1,0,1,0.25,42.0,1,1
90384803102.0,90384803,903848031,9,9,33,2,Mujer,2.0,2,No tiene discapacidad,5,11.16666666666666,0.0,10.5,0.66666666666666,0.0,0.0,0.0,0.0,4082,1,0,1,1,0,0,0,0,1,11.16666666666666,0.0,0,0
90384804102.0,90384804,903848041,9,9,63,2,Mujer,2.0,2,No tiene discapacidad,5,14.5,14.5,0.0,0.0,0.0,0.0,0.0,0.0,4071,1,1,0,0,0,0,0,0,1,14.5,0.0,0,0
90384804103.0,90384804,903848041,9,9,33,2,Mujer,4.0,2,No tiene discapacidad,1,2.16666666666666,1.16666666666666,0.0,0.0,0.0,1.0,45.0,0.0,4082,1,1,0,0,0,1,1,0,1,2.16666666666666,45.0,1,1
90061802101.0,90061802,900618021,9,9,38,1,Hombre,4.0,2,No tiene discapacidad,1,2.0,0.0,0.0,0.0,2.0,0.0,50.0,0.0,3509,1,0,0,0,1,0,1,0,1,2.0,50.0,1,1
90061802102.0,90061802,900618021,9,9,38,2,Mujer,4.0,2,No tiene discapacidad,1,1.5,0.0,0.0,0.0,1.5,0.0,45.0,0.0,3459,1,0,0,0,1,0,1,0,1,1.5,45.0,1,1
90988304101.0,90988304,909883041,9,9,71,1,Hombre,3.0,1,Sí tiene discapacidad,1,2.0,1.5,0.0,0.0,0.5,0.0,15.0,0.0,3260,1,1,0,0,1,0,1,0,1,2.0,15.0,1,1
90988304102.0,90988304,909883041,9,9,68,2,Mujer,4.0,1,Sí tiene discapacidad,5,15.5,0.0,0.0,0.0,7.0,8.5,0.0,0.0,3277,1,0,0,0,1,1,0,0,1,15.5,0.0,0,0
90988304103.0,90988304,909883041,9,9,34,2,Mujer,5.0,2,No tiene discapacidad,1,21.16666666666666,10.0,0.0,0.0,0.0,11.16666666666666,56.0,0.0,3258,1,1,0,0,0,1,1,0,1,21.16666666666666,56.0,1,1
91019501101.0,91019501,910195011,9,9,62,1,Hombre,3.0,2,No tiene discapacidad,3,20.0,20.0,0.0,0.0,0.0,0.0,0.0,0.0,4434,1,1,0,0,0,0,0,0,1,20.0,0.0,0,0
90439603104.0,90439603,904396031,9,9,16,2,Mujer,3.0,2,No tiene discapacidad,4,2.16666666666666,0.0,0.0,0.0,0.0,2.16666666666666,0.0,0.0,3791,1,0,0,0,0,1,0,0,1,2.16666666666666,0.0,0,0
90439603105.0,90439603,904396031,9,9,15,1,Hombre,2.0,2,No tiene discapacidad,4,0.16666666666666,0.0,0.0,0.0,0.0,0.16666666666666,0.0,0.0,3805,1,0,0,0,0,1,0,0,1,0.16666666666666,0.0,0,0
90439604101.0,90439604,904396041,9,9,39,2,Mujer,5.0,2,No tiene discapacidad,1,38.0,0.0,30.0,8.0,0.0,0.0,48.0,0.0,3726,1,0,1,1,0,0,1,0,1,38.0,48.0,1,1
90439605101.0,90439605,904396051,9,9,70,1,Hombre,3.0,2,No tiene discapacidad,1,1.0,0.0,0.0,0.0,0.0,1.0,40.0,0.0,3734,1,0,0,0,0,1,1,0,1,1.0,40.0,1,1
90439605102.0,90439605,904396051,9,9,66,2,Mujer,2.0,2,No tiene discapacidad,5,7.0,0.0,0.0,0.0,2.0,5.0,0.0,0.0,3753,1,0,0,0,1,1,0,0,1,7.0,0.0,0,0
90439605103.0,90439605,904396051,9,9,36,1,Hombre,2.0,2,No tiene discapacidad,1,1.5,0.0,0.0,0.0,0.0,1.5,70.0,0.0,3780,1,0,0,0,0,1,1,0,1,1.5,70.0,1,1
90473101101.0,90473101,904731011,9,9,61,1,Hombre,3.0,2,No tiene discapacidad,1,9.7,9.7,0.0,0.0,0.0,0.0,63.0,0.0,4009,1,1,0,0,0,0,1,0,1,9.7,63.0,1,1
91103904103.0,91103904,911039041,9,9,22,2,Mujer,4.0,2,No tiene discapacidad,4,2.0,0.0,0.0,0.0,2.0,0.0,0.0,0.0,4567,1,0,0,0,1,0,0,0,1,2.0,0.0,0,0
91103905102.0,91103905,911039051,9,9,51,2,Mujer,2.0,2,No tiene discapacidad,1,2.5,0.0,0.0,0.0,2.5,0.0,40.0,0.0,4511,1,0,0,0,1,0,1,0,1,2.5,40.0,1,1
90384805101.0,90384805,903848051,9,9,31,1,Hombre,2.0,2,No tiene discapacidad,1,5.16666666666666,0.0,4.5,0.66666666666666,0.0,0.0,60.0,0.0,4201,1,0,1,1,0,0,1,0,1,5.16666666666666,60.0,1,1
90384805102.0,90384805,903848051,9,9,30,2,Mujer,3.0,2,No tiene discapacidad,5,29.5,0.0,22.66666666666666,6.83333333333333,0.0,0.0,0.0,0.0,4082,1,0,1,1,0,0,0,0,1,29.5,0.0,0,0
90396101101.0,90396101,903961011,9,9,27,1,Hombre,4.0,2,No tiene discapacidad,1,2.16666666666666,0.0,0.0,0.0,2.16666666666666,0.0,90.0,0.0,3715,1,0,0,0,1,0,1,0,1,2.16666666666666,90.0,1,1
90396101102.0,90396101,903961011,9,9,32,2,Mujer,4.0,2,No tiene discapacidad,1,2.5,0.0,0.0,0.0,2.5,0.0,48.0,0.0,3634,1,0,0,0,1,0,1,0,1,2.5,48.0,1,1
91019502101.0,91019502,910195021,9,9,55,1,Hombre,2.0,2,No tiene discapacidad,1,3.5,0.0,0.0,0.0,3.5,0.0,24.0,0.0,4478,1,0,0,0,1,0,1,0,1,3.5,24.0,1,1
91019502102.0,91019502,910195021,9,9,58,2,Mujer,2.0,2,No tiene discapacidad,1,0.16666666666666,0.0,0.0,0.0,0.16666666666666,0.0,16.0,0.0,4353,1,0,0,0,1,0,1,0,1,0.16666666666666,16.0,1,1
91019502103.0,91019502,910195021,9,9,30,1,Hombre,3.0,2,No tiene discapacidad,1,7.0,0.0,0.0,0.0,7.0,0.0,62.0,0.0,4531,1,0,0,0,1,0,1,0,1,7.0,62.0,1,1
90473101102.0,90473101,904731011,9,9,61,2,Mujer,2.0,1,Sí tiene discapacidad,5,5.66666666666666,0.0,0.0,0.0,0.0,5.66666666666666,0.0,0.0,3970,1,0,0,0,0,1,0,0,1,5.66666666666666,0.0,0,0
90473102101.0,90473102,904731021,9,9,55,1,Hombre,4.0,2,No tiene discapacidad,1,9.5,0.0,0.0,6.33333333333333,3.16666666666666,0.0,56.0,0.0,4049,1,0,0,1,1,0,1,0,1,9.5,56.0,1,1
90473102102.0,90473102,904731021,9,9,53,2,Mujer,3.0,2,No tiene discapacidad,5,22.0,0.0,0.0,17.0,5.0,0.0,0.0,0.0,4000,1,0,0,1,1,0,0,0,1,22.0,0.0,0,0
90473103101.0,90473103,904731031,9,9,58,2,Mujer,2.0,2,No tiene discapacidad,1,3.0,0.0,0.0,0.0,3.0,0.0,40.0,0.0,3936,1,0,0,0,1,0,1,0,1,3.0,40.0,1,1
90473103102.0,90473103,904731031,9,9,33,2,Mujer,3.0,2,No tiene discapacidad,1,17.33333333333333,0.0,0.0,13.16666666666666,4.16666666666666,0.0,40.0,0.0,3981,1,0,0,1,1,0,1,0,1,17.33333333333333,40.0,1,1
91116003101.0,91116003,911160031,9,9,64,1,Hombre,2.0,2,No tiene discapacidad,1,1.0,0.0,1.0,0.0,0.0,0.0,45.0,0.0,3630,1,0,1,0,0,0,1,0,1,1.0,45.0,1,1
91116003103.0,91116003,911160031,9,9,35,2,Mujer,4.0,2,No tiene discapacidad,1,29.33333333333333,0.0,21.83333333333333,7.5,0.0,0.0,38.0,0.0,3599,1,0,1,1,0,0,1,0,1,29.33333333333333,38.0,1,1
91116004101.0,91116004,911160041,9,9,51,2,Mujer,2.0,2,No tiene discapacidad,1,0.25,0.0,0.25,0.0,0.0,0.0,24.0,0.0,3622,1,0,1,0,0,0,1,0,1,0.25,24.0,1,1
91116004102.0,91116004,911160041,9,9,28,1,Hombre,3.0,2,No tiene discapacidad,1,19.25,0.0,11.75,0.0,7.5,0.0,90.0,0.0,3685,1,0,1,0,1,0,1,0,1,19.25,90.0,1,1
90419802101.0,90419802,904198021,9,9,76,1,Hombre,2.0,2,No tiene discapacidad,1,3.5,0.0,0.0,0.0,0.0,3.5,2.0,0.0,3284,1,0,0,0,0,1,1,0,1,3.5,2.0,1,1
91060001102.0,91060001,910600011,9,9,70,2,Mujer,4.0,2,No tiene discapacidad,3,5.25,5.25,0.0,0.0,0.0,0.0,0.0,0.0,4507,1,1,0,0,0,0,0,0,1,5.25,0.0,0,0
91060003101.0,91060003,910600031,9,9,28,1,Hombre,4.0,2,No tiene discapacidad,1,35.0,0.0,0.0,35.0,0.0,0.0,12.0,0.0,4547,1,0,0,1,0,0,1,0,1,35.0,12.0,1,1
91060003102.0,91060003,910600031,9,9,32,2,Mujer,5.0,2,No tiene discapacidad,1,20.0,0.0,0.0,20.0,0.0,0.0,48.0,0.0,4448,1,0,0,1,0,0,1,0,1,20.0,48.0,1,1
90088603101.0,90088603,900886031,9,9,48,1,Hombre,2.0,2,No tiene discapacidad,1,1.0,0.0,0.0,1.0,0.0,0.0,72.0,0.0,4185,1,0,0,1,0,0,1,0,1,1.0,72.0,1,1
90088603102.0,90088603,900886031,9,9,36,2,Mujer,3.0,2,No tiene discapacidad,5,8.16666666666666,0.0,0.0,8.16666666666666,0.0,0.0,0.0,0.0,4099,1,0,0,1,0,0,0,0,1,8.16666666666666,0.0,0,0
90088605102.0,90088605,900886051,9,9,24,1,Hombre,4.0,2,No tiene discapacidad,4,2.0,0.0,0.0,0.0,2.0,0.0,0.0,0.0,4220,1,0,0,0,1,0,0,0,1,2.0,0.0,0,0
91116004103.0,91116004,911160041,9,9,26,2,Mujer,4.0,2,No tiene discapacidad,5,54.5,0.0,54.5,0.0,0.0,0.0,0.0,0.0,3623,1,0,1,0,0,0,0,0,1,54.5,0.0,0,0
91116004104.0,91116004,911160041,9,9,31,2,Mujer,3.0,2,No tiene discapacidad,1,16.5,0.0,0.0,5.0,11.5,0.0,48.0,0.0,3604,1,0,0,1,1,0,1,0,1,16.5,48.0,1,1
91116004105.0,91116004,911160041,9,9,17,1,Hombre,2.0,2,No tiene discapacidad,4,1.0,0.0,0.0,1.0,0.0,0.0,0.0,0.0,3676,1,0,0,1,0,0,0,0,1,1.0,0.0,0,0
91116005101.0,91116005,911160051,9,9,50,1,Hombre,2.0,2,No tiene discapacidad,1,4.0,0.0,0.0,0.0,4.0,0.0,48.0,0.0,3657,1,0,0,0,1,0,1,0,1,4.0,48.0,1,1
91116005102.0,91116005,911160051,9,9,56,2,Mujer,2.0,2,No tiene discapacidad,1,1.5,0.0,0.0,1.5,0.0,0.0,40.0,0.0,3564,1,0,0,1,0,0,1,0,1,1.5,40.0,1,1
91116005103.0,91116005,911160051,9,9,33,1,Hombre,3.0,2,No tiene discapacidad,1,18.33333333333333,0.0,0.0,15.33333333333333,3.0,0.0,68.0,0.0,3709,1,0,0,1,1,0,1,0,1,18.33333333333333,68.0,1,1
91116005104.0,91116005,911160051,9,9,31,2,Mujer,3.0,2,No tiene discapacidad,1,17.0,0.0,0.0,17.0,0.0,0.0,40.0,0.0,3604,1,0,0,1,0,0,1,0,1,17.0,40.0,1,1
90419804102.0,90419804,904198041,9,9,52,2,Mujer,2.0,2,No tiene discapacidad,1,2.5,0.0,0.0,0.0,2.5,0.0,25.0,0.0,3200,1,0,0,0,1,0,1,0,1,2.5,25.0,1,1
90419804103.0,90419804,904198041,9,9,27,2,Mujer,4.0,2,No tiene discapacidad,1,1.0,0.0,0.0,0.0,1.0,0.0,48.0,0.0,3202,1,0,0,0,1,0,1,0,1,1.0,48.0,1,1
90061803102.0,90061803,900618031,9,9,52,2,Mujer,4.0,2,No tiene discapacidad,1,8.5,0.0,0.0,0.0,0.0,8.5,40.0,0.0,3480,1,0,0,0,0,1,1,0,1,8.5,40.0,1,1
90061804101.0,90061804,900618041,9,9,70,1,Hombre,2.0,2,No tiene discapacidad,3,2.0,0.0,0.0,0.0,0.0,2.0,0.0,0.0,3466,1,0,0,0,0,1,0,0,1,2.0,0.0,0,0
91065502101.0,91065502,910655021,9,9,38,2,Mujer,4.0,2,No tiene discapacidad,5,79.66666666666666,0.0,56.33333333333333,22.5,0.0,0.83333333333333,0.0,0.0,4177,1,0,1,1,0,1,0,0,1,79.66666666666666,0.0,0,0
91065502102.0,91065502,910655021,9,9,65,2,Mujer,2.0,2,No tiene discapacidad,3,12.91666666666666,0.0,10.41666666666666,2.5,0.0,0.0,0.0,0.0,4207,1,0,1,1,0,0,0,0,1,12.91666666666666,0.0,0,0
91065504101.0,91065504,910655041,9,9,48,1,Hombre,2.0,2,No tiene discapacidad,1,2.0,0.0,0.0,2.0,0.0,0.0,44.0,0.0,4264,1,0,0,1,0,0,1,0,1,2.0,44.0,1,1
91065504102.0,91065504,910655041,9,9,44,2,Mujer,3.0,2,No tiene discapacidad,1,12.75,0.0,0.0,12.75,0.0,0.0,6.0,0.0,4177,1,0,0,1,0,0,1,0,1,12.75,6.0,1,1
91065505101.0,91065505,910655051,9,9,37,1,Hombre,3.0,2,No tiene discapacidad,1,11.83333333333333,0.0,0.0,8.83333333333333,3.0,0.0,40.0,0.0,4238,1,0,0,1,1,0,1,0,1,11.83333333333333,40.0,1,1
91065505102.0,91065505,910655051,9,9,35,2,Mujer,2.0,2,No tiene discapacidad,5,24.5,0.0,0.0,17.5,7.0,0.0,0.0,0.0,4177,1,0,0,1,1,0,0,0,1,24.5,0.0,0,0
90116102101.0,90116102,901161021,9,9,33,2,Mujer,5.0,2,No tiene discapacidad,1,14.0,0.0,0.0,14.0,0.0,0.0,42.0,0.0,4501,1,0,0,1,0,0,1,0,1,14.0,42.0,1,1
90116102102.0,90116102,901161021,9,9,35,1,Hombre,4.0,2,No tiene discapacidad,1,36.0,0.0,0.0,34.0,2.0,0.0,24.0,0.0,4561,1,0,0,1,1,0,1,0,1,36.0,24.0,1,1
90116103101.0,90116103,901161031,9,9,43,1,Hombre,4.0,2,No tiene discapacidad,1,92.5,0.0,70.5,0.0,22.0,0.0,48.0,0.0,4645,1,0,1,0,1,0,1,0,1,92.5,48.0,1,1
90116103102.0,90116103,901161031,9,9,40,2,Mujer,4.0,2,No tiene discapacidad,1,17.5,0.0,16.5,0.0,1.0,0.0,45.0,0.0,4495,1,0,1,0,1,0,1,0,1,17.5,45.0,1,1
90116103103.0,90116103,901161031,9,9,67,2,Mujer,3.0,2,No tiene discapacidad,5,3.83333333333333,0.0,3.83333333333333,0.0,0.0,0.0,0.0,0.0,4528,1,0,1,0,0,0,0,0,1,3.83333333333333,0.0,0,0
91116601101.0,91116601,911166011,9,9,44,1,Hombre,4.0,2,No tiene discapacidad,1,20.75,0.0,0.0,17.75,3.0,0.0,50.0,0.0,4186,1,0,0,1,1,0,1,0,1,20.75,50.0,1,1
91890302101.0,91890302,918903021,9,9,74,2,Mujer,2.0,2,No tiene discapacidad,1,8.83333333333333,8.83333333333333,0.0,0.0,0.0,0.0,6.0,0.0,4284,1,1,0,0,0,0,1,0,1,8.83333333333333,6.0,1,1
90061805101.0,90061805,900618051,9,9,32,1,Hombre,2.0,2,No tiene discapacidad,1,18.0,0.0,12.0,0.0,6.0,0.0,38.0,0.0,3565,1,0,1,0,1,0,1,0,1,18.0,38.0,1,1
90061805102.0,90061805,900618051,9,9,35,2,Mujer,3.0,2,No tiene discapacidad,1,60.5,0.0,55.5,0.0,5.0,0.0,36.0,0.0,3459,1,0,1,0,1,0,1,0,1,60.5,36.0,1,1
90065901102.0,90065901,900659011,9,9,67,2,Mujer,2.0,2,No tiene discapacidad,3,2.5,0.0,0.0,0.0,0.0,2.5,0.0,0.0,5009,1,0,0,0,0,1,0,0,1,2.5,0.0,0,0
90065902101.0,90065902,900659021,9,9,30,1,Hombre,4.0,2,No tiene discapacidad,1,11.5,0.0,10.5,0.0,1.0,0.0,46.0,0.0,5125,1,0,1,0,1,0,1,0,1,11.5,46.0,1,1
90065902102.0,90065902,900659021,9,9,29,2,Mujer,4.0,2,No tiene discapacidad,1,24.5,0.0,24.5,0.0,0.0,0.0,45.0,0.0,5006,1,0,1,0,0,0,1,0,1,24.5,45.0,1,1
90065902103.0,90065902,900659021,9,9,62,2,Mujer,4.0,2,No tiene discapacidad,5,56.5,0.0,56.5,0.0,0.0,0.0,0.0,0.0,4966,1,0,1,0,0,0,0,0,1,56.5,0.0,0,0
91076901101.0,91076901,910769011,9,9,49,1,Hombre,3.0,2,No tiene discapacidad,1,11.0,7.0,0.0,0.0,4.0,0.0,55.0,0.0,5068,1,1,0,0,1,0,1,0,1,11.0,55.0,1,1
91076901102.0,91076901,910769011,9,9,44,2,Mujer,4.0,2,No tiene discapacidad,1,3.0,0.0,0.0,0.0,3.0,0.0,45.0,0.0,4965,1,0,0,0,1,0,1,0,1,3.0,45.0,1,1
91076901104.0,91076901,910769011,9,9,18,2,Mujer,3.0,2,No tiene discapacidad,1,2.0,0.0,0.0,0.0,2.0,0.0,48.0,0.0,5052,1,0,0,0,1,0,1,0,1,2.0,48.0,1,1
91779702102.0,91779702,917797021,9,9,50,1,Hombre,4.0,2,No tiene discapacidad,1,4.75,0.0,0.0,0.0,4.75,0.0,48.0,0.0,4023,1,0,0,0,1,0,1,0,1,4.75,48.0,1,1
91779702103.0,91779702,917797021,9,9,38,1,Hombre,3.0,2,No tiene discapacidad,1,0.66666666666666,0.0,0.0,0.0,0.66666666666666,0.0,72.0,0.0,4017,1,0,0,0,1,0,1,0,1,0.66666666666666,72.0,1,1
90116104101.0,90116104,901161041,9,9,31,1,Hombre,3.0,2,No tiene discapacidad,1,47.5,0.0,0.0,47.0,0.5,0.0,64.0,0.0,4633,1,0,0,1,1,0,1,0,1,47.5,64.0,1,1
90116104102.0,90116104,901161041,9,9,33,2,Mujer,4.0,2,No tiene discapacidad,1,10.0,0.0,0.0,10.0,0.0,0.0,56.0,0.0,4501,1,0,0,1,0,0,1,0,1,10.0,56.0,1,1
90116105101.0,90116105,901161051,9,9,85,2,Mujer,5.0,2,No tiene discapacidad,3,6.0,0.0,0.0,0.0,0.0,6.0,0.0,0.0,4992,1,0,0,0,0,1,0,0,1,6.0,0.0,0,0
91890303101.0,91890303,918903031,9,9,37,1,Hombre,4.0,2,No tiene discapacidad,1,16.38333333333333,0.0,0.0,12.75,3.63333333333333,0.0,56.0,0.0,4283,1,0,0,1,1,0,1,0,1,16.38333333333333,56.0,1,1
91890303102.0,91890303,918903031,9,9,31,2,Mujer,4.0,2,No tiene discapacidad,1,35.0,0.0,0.0,27.0,8.0,0.0,47.0,0.0,4227,1,0,0,1,1,0,1,0,1,35.0,47.0,1,1
91890304101.0,91890304,918903041,9,9,92,1,Hombre,2.0,2,No tiene discapacidad,3,19.0,0.0,0.0,0.0,12.0,7.0,0.0,0.0,4395,1,0,0,0,1,1,0,0,1,19.0,0.0,0,0
91890305101.0,91890305,918903051,9,9,66,2,Mujer,3.0,2,No tiene discapacidad,1,2.5,0.0,0.0,0.0,2.5,0.0,56.0,0.0,4251,1,0,0,0,1,0,1,0,1,2.5,56.0,1,1
90065904101.0,90065904,900659041,9,9,49,2,Mujer,3.0,2,No tiene discapacidad,1,6.0,0.0,3.0,3.0,0.0,0.0,54.0,0.0,4964,1,0,1,1,0,0,1,0,1,6.0,54.0,1,1
90065904102.0,90065904,900659041,9,9,27,2,Mujer,3.0,2,No tiene discapacidad,1,31.25,0.0,21.0,8.25,2.0,0.0,54.0,0.0,5006,1,0,1,1,1,0,1,0,1,31.25,54.0,1,1
90065904103.0,90065904,900659041,9,9,28,2,Mujer,3.0,2,No tiene discapacidad,1,28.75,0.0,22.25,3.5,3.0,0.0,36.0,0.0,5006,1,0,1,1,1,0,1,0,1,28.75,36.0,1,1
90065905102.0,90065905,900659051,9,9,53,2,Mujer,3.0,2,No tiene discapacidad,1,9.58333333333333,0.0,9.08333333333333,0.0,0.5,0.0,6.0,0.0,5004,1,0,1,0,1,0,1,0,1,9.58333333333333,6.0,1,1
90065905103.0,90065905,900659051,9,9,52,1,Hombre,3.0,2,No tiene discapacidad,1,2.0,0.0,2.0,0.0,0.0,0.0,63.0,0.0,5052,1,0,1,0,0,0,1,0,1,2.0,63.0,1,1
91779702104.0,91779702,917797021,9,9,32,2,Mujer,3.0,2,No tiene discapacidad,1,5.16666666666666,0.0,0.0,0.0,5.16666666666666,0.0,45.0,0.0,3965,1,0,0,0,1,0,1,0,1,5.16666666666666,45.0,1,1
91779703101.0,91779703,917797031,9,9,32,2,Mujer,5.0,2,No tiene discapacidad,1,12.5,0.0,12.5,0.0,0.0,0.0,50.0,0.0,3965,1,0,1,0,0,0,1,0,1,12.5,50.0,1,1
91779703102.0,91779703,917797031,9,9,33,1,Hombre,2.0,2,No tiene discapacidad,1,20.0,0.0,17.91666666666666,0.0,2.08333333333333,0.0,54.0,0.0,4081,1,0,1,0,1,0,1,0,1,20.0,54.0,1,1
91779703104.0,91779703,917797031,9,9,20,2,Mujer,4.0,2,No tiene discapacidad,4,18.08333333333333,0.0,17.66666666666666,0.0,0.41666666666666,0.0,0.0,0.0,4033,1,0,1,0,1,0,0,0,1,18.08333333333333,0.0,0,0
91779705101.0,91779705,917797051,9,9,57,1,Hombre,4.0,2,No tiene discapacidad,1,8.08333333333333,0.0,0.0,7.75,0.33333333333333,0.0,66.0,0.0,4033,1,0,0,1,1,0,1,0,1,8.08333333333333,66.0,1,1
91779705102.0,91779705,917797051,9,9,49,2,Mujer,3.0,2,No tiene discapacidad,1,8.33333333333333,0.0,0.0,8.16666666666666,0.16666666666666,0.0,54.0,0.0,3953,1,0,0,1,1,0,1,0,1,8.33333333333333,54.0,1,1
90120501103.0,90120501,901205011,9,9,29,2,Mujer,4.0,2,No tiene discapacidad,1,3.33333333333333,0.0,0.0,0.0,3.33333333333333,0.0,58.0,0.0,4159,1,0,0,0,1,0,1,0,1,3.33333333333333,58.0,1,1
90120502101.0,90120502,901205021,9,9,44,2,Mujer,5.0,2,No tiene discapacidad,1,0.5,0.0,0.0,0.0,0.5,0.0,36.0,0.0,4132,1,0,0,0,1,0,1,0,1,0.5,36.0,1,1
90120502102.0,90120502,901205021,9,9,44,1,Hombre,5.0,2,No tiene discapacidad,1,3.0,0.0,0.0,0.0,3.0,0.0,20.0,0.0,4270,1,0,0,0,1,0,1,0,1,3.0,20.0,1,1
90120505101.0,90120505,901205051,9,9,53,1,Hombre,4.0,2,No tiene discapacidad,1,8.75,0.0,0.0,8.75,0.0,0.0,60.0,0.0,4198,1,0,0,1,0,0,1,0,1,8.75,60.0,1,1
90120505102.0,90120505,901205051,9,9,49,2,Mujer,4.0,2,No tiene discapacidad,1,7.0,0.0,0.0,4.0,3.0,0.0,12.13333333333333,0.0,4125,1,0,0,1,1,0,1,0,1,7.0,12.13333333333333,1,1
91890305102.0,91890305,918903051,9,9,58,1,Hombre,4.0,2,No tiene discapacidad,1,7.0,0.0,0.0,0.0,0.0,7.0,56.0,0.0,4299,1,0,0,0,0,1,1,0,1,7.0,56.0,1,1
91890305201.0,91890305,918903052,9,9,46,2,Mujer,3.0,2,No tiene discapacidad,1,12.13333333333333,0.0,0.0,0.0,12.13333333333333,0.0,48.0,0.0,4214,1,0,0,0,1,0,1,0,1,12.13333333333333,48.0,1,1
91890305202.0,91890305,918903052,9,9,25,2,Mujer,3.0,2,No tiene discapacidad,1,9.0,0.0,0.0,0.0,9.0,0.0,48.0,0.0,4249,1,0,0,0,1,0,1,0,1,9.0,48.0,1,1
91890305301.0,91890305,918903053,9,9,47,2,Mujer,3.0,2,No tiene discapacidad,1,7.0,0.0,0.0,0.0,7.0,0.0,56.0,0.0,4214,1,0,0,0,1,0,1,0,1,7.0,56.0,1,1
91890305302.0,91890305,918903053,9,9,50,1,Hombre,3.0,2,No tiene discapacidad,1,5.0,0.0,0.0,0.0,5.0,0.0,70.0,0.0,4288,1,0,0,0,1,0,1,0,1,5.0,70.0,1,1
90065905104.0,90065905,900659051,9,9,34,2,Mujer,3.0,2,No tiene discapacidad,1,29.0,0.0,29.0,0.0,0.0,0.0,64.0,0.0,4980,1,0,1,0,0,0,1,0,1,29.0,64.0,1,1
90065905106.0,90065905,900659051,9,9,43,1,Hombre,2.0,2,No tiene discapacidad,1,5.0,0.0,1.0,0.0,0.0,4.0,60.0,0.0,5139,1,0,1,0,0,1,1,0,1,5.0,60.0,1,1
90065905107.0,90065905,900659051,9,9,28,2,Mujer,3.0,2,No tiene discapacidad,1,3.0,0.0,0.0,0.0,0.0,3.0,56.0,0.0,5006,1,0,0,0,0,1,1,0,1,3.0,56.0,1,1
90072401101.0,90072401,900724011,9,9,68,1,Hombre,4.0,2,No tiene discapacidad,3,3.0,0.0,0.0,0.0,3.0,0.0,0.0,0.0,4329,1,0,0,0,1,0,0,0,1,3.0,0.0,0,0
90072401102.0,90072401,900724011,9,9,32,1,Hombre,5.0,2,No tiene discapacidad,1,3.0,0.0,0.0,0.0,0.0,3.0,50.0,0.0,4431,1,0,0,0,0,1,1,0,1,3.0,50.0,1,1
90202504101.0,90202504,902025041,9,9,48,2,Mujer,3.0,2,No tiene discapacidad,6,17.0,0.0,0.0,9.0,8.0,0.0,0.0,0.0,3940,1,0,0,1,1,0,0,0,1,17.0,0.0,0,0
90202504102.0,90202504,902025041,9,9,19,2,Mujer,4.0,2,No tiene discapacidad,4,3.0,0.0,0.0,3.0,0.0,0.0,0.0,0.0,4016,1,0,0,1,0,0,0,0,1,3.0,0.0,0,0
90202505101.0,90202505,902025051,9,9,70,2,Mujer,2.0,2,No tiene discapacidad,3,4.0,4.0,0.0,0.0,0.0,0.0,0.0,0.0,4005,1,1,0,0,0,0,0,0,1,4.0,0.0,0,0
90202505102.0,90202505,902025051,9,9,76,1,Hombre,2.0,1,Sí tiene discapacidad,3,8.0,0.0,0.0,0.0,0.0,8.0,0.0,0.0,4075,1,0,0,0,0,1,0,0,1,8.0,0.0,0,0
91129301102.0,91129301,911293011,9,9,65,1,Hombre,2.0,2,No tiene discapacidad,1,7.0,0.0,0.0,0.0,7.0,0.0,56.0,0.0,5571,1,0,0,0,1,0,1,0,1,7.0,56.0,1,1
90598903106.0,90598903,905989031,9,9,18,2,Mujer,3.0,2,No tiene discapacidad,6,0.58333333333333,0.0,0.0,0.0,0.33333333333333,0.25,0.0,0.0,3513,1,0,0,0,1,1,0,0,1,0.58333333333333,0.0,0,0
90598905101.0,90598905,905989051,9,9,41,1,Hombre,3.0,2,No tiene discapacidad,1,0.83333333333333,0.0,0.0,0.0,0.83333333333333,0.0,50.0,0.0,3568,1,0,0,0,1,0,1,0,1,0.83333333333333,50.0,1,1
90598905102.0,90598905,905989051,9,9,42,2,Mujer,3.0,2,No tiene discapacidad,1,6.5,0.0,0.0,6.5,0.0,0.0,20.0,0.0,3452,1,0,0,1,0,0,1,0,1,6.5,20.0,1,1
90598905103.0,90598905,905989051,9,9,18,2,Mujer,3.0,2,No tiene discapacidad,1,2.5,0.0,0.0,2.5,0.0,0.0,7.0,0.0,3513,1,0,0,1,0,0,1,0,1,2.5,7.0,1,1
91198703101.0,91198703,911987031,9,9,72,2,Mujer,3.0,2,No tiene discapacidad,3,1.0,1.0,0.0,0.0,0.0,0.0,0.0,0.0,4077,1,1,0,0,0,0,0,0,1,1.0,0.0,0,0
91129303101.0,91129303,911293031,9,9,61,1,Hombre,2.0,2,No tiene discapacidad,1,7.0,0.0,0.0,0.0,4.0,3.0,40.0,0.0,5580,1,0,0,0,1,1,1,0,1,7.0,40.0,1,1
91129303102.0,91129303,911293031,9,9,61,2,Mujer,2.0,1,Sí tiene discapacidad,1,3.5,0.0,0.0,0.0,3.5,0.0,7.0,0.0,5525,1,0,0,0,1,0,1,0,1,3.5,7.0,1,1
91129303103.0,91129303,911293031,9,9,19,2,Mujer,3.0,2,No tiene discapacidad,1,7.0,0.0,0.0,0.0,0.0,7.0,35.0,0.0,5630,1,0,0,0,0,1,1,0,1,7.0,35.0,1,1
91129304101.0,91129304,911293041,9,9,69,1,Hombre,2.0,1,Sí tiene discapacidad,3,4.0,0.0,0.0,0.0,4.0,0.0,0.0,0.0,5571,1,0,0,0,1,0,0,0,1,4.0,0.0,0,0
91129304102.0,91129304,911293041,9,9,54,2,Mujer,2.0,2,No tiene discapacidad,1,10.25,8.25,0.0,0.0,2.0,0.0,35.0,0.0,5567,1,1,0,0,1,0,1,0,1,10.25,35.0,1,1
91129304103.0,91129304,911293041,9,9,37,1,Hombre,3.0,2,No tiene discapacidad,1,8.0,0.0,0.0,0.0,8.0,0.0,40.0,0.0,5614,1,0,0,0,1,0,1,0,1,8.0,40.0,1,1
91129305101.0,91129305,911293051,9,9,55,2,Mujer,2.0,2,No tiene discapacidad,1,26.5,0.0,0.0,21.5,5.0,0.0,40.0,0.0,5478,1,0,0,1,1,0,1,0,1,26.5,40.0,1,1
90232504102.0,90232504,902325041,9,9,34,1,Hombre,5.0,2,No tiene discapacidad,1,0.66666666666666,0.0,0.0,0.0,0.66666666666666,0.0,40.0,0.0,3397,1,0,0,0,1,0,1,0,1,0.66666666666666,40.0,1,1
90239801101.0,90239801,902398011,9,9,56,2,Mujer,3.0,2,No tiene discapacidad,1,6.66666666666666,0.0,0.0,5.0,1.66666666666666,0.0,32.0,0.0,2221,1,0,0,1,1,0,1,0,1,6.66666666666666,32.0,1,1
91198704101.0,91198704,911987041,9,9,43,2,Mujer,4.0,2,No tiene discapacidad,1,1.0,0.0,0.0,1.0,0.0,0.0,51.0,0.0,4017,1,0,0,1,0,0,1,0,1,1.0,51.0,1,1
91198704102.0,91198704,911987041,9,9,26,1,Hombre,2.0,2,No tiene discapacidad,1,8.83333333333333,0.0,0.0,3.33333333333333,5.5,0.0,35.0,0.0,4113,1,0,0,1,1,0,1,0,1,8.83333333333333,35.0,1,1
91198704103.0,91198704,911987041,9,9,25,2,Mujer,2.0,2,No tiene discapacidad,1,15.5,0.0,0.0,15.5,0.0,0.0,4.0,0.0,4044,1,0,0,1,0,0,1,0,1,15.5,4.0,1,1
91198704104.0,91198704,911987041,9,9,22,2,Mujer,4.0,2,No tiene discapacidad,1,8.5,0.0,0.0,8.5,0.0,0.0,72.0,0.0,4092,1,0,0,1,0,0,1,0,1,8.5,72.0,1,1
90579804103.0,90579804,905798041,9,9,16,1,Hombre,2.0,2,No tiene discapacidad,5,0.66666666666666,0.0,0.0,0.0,0.0,0.66666666666666,0.0,0.0,3684,1,0,0,0,0,1,0,0,1,0.66666666666666,0.0,0,0
90208704101.0,90208704,902087041,9,9,41,1,Hombre,3.0,2,No tiene discapacidad,1,16.5,0.0,0.0,16.5,0.0,0.0,40.0,0.0,4357,1,0,0,1,0,0,1,0,1,16.5,40.0,1,1
90208704102.0,90208704,902087041,9,9,43,2,Mujer,4.0,2,No tiene discapacidad,1,11.0,0.0,0.0,11.0,0.0,0.0,13.0,0.0,4216,1,0,0,1,0,0,1,0,1,11.0,13.0,1,1
90208705103.0,90208705,902087051,9,9,34,2,Mujer,3.0,2,No tiene discapacidad,1,0.66666666666666,0.0,0.0,0.0,0.66666666666666,0.0,40.0,0.0,4222,1,0,0,0,1,0,1,0,1,0.66666666666666,40.0,1,1
90209201101.0,90209201,902092011,9,9,66,2,Mujer,3.0,2,No tiene discapacidad,5,7.5,0.0,0.0,7.5,0.0,0.0,0.0,0.0,4113,1,0,0,1,0,0,0,0,1,7.5,0.0,0,0
91202301101.0,91202301,912023011,9,9,48,1,Hombre,4.0,2,No tiene discapacidad,1,2.5,0.0,0.0,0.0,2.5,0.0,72.0,0.0,4141,1,0,0,0,1,0,1,0,1,2.5,72.0,1,1
91416203103.0,91416203,914162031,9,9,30,2,Mujer,4.0,2,No tiene discapacidad,1,0.25,0.0,0.0,0.0,0.0,0.25,45.0,0.0,4428,1,0,0,0,0,1,1,0,1,0.25,45.0,1,1
91416204101.0,91416204,914162041,9,9,40,1,Hombre,3.0,2,No tiene discapacidad,1,7.0,0.0,0.0,0.0,0.5,6.5,55.0,0.0,4570,1,0,0,0,1,1,1,0,1,7.0,55.0,1,1
91416204102.0,91416204,914162041,9,9,32,1,Hombre,3.0,2,No tiene discapacidad,1,20.33333333333333,0.0,0.0,0.0,7.83333333333333,12.5,40.0,0.0,4557,1,0,0,0,1,1,1,0,1,20.33333333333333,40.0,1,1
90202505105.0,90202505,902025051,9,9,20,1,Hombre,4.0,2,No tiene discapacidad,4,4.0,0.0,0.0,0.0,0.0,4.0,0.0,0.0,4062,1,0,0,0,0,1,0,0,1,4.0,0.0,0,0
90209201102.0,90209201,902092011,9,9,33,2,Mujer,3.0,2,No tiene discapacidad,1,17.0,0.0,0.0,17.0,0.0,0.0,40.0,0.0,4089,1,0,0,1,0,0,1,0,1,17.0,40.0,1,1
90209204103.0,90209204,902092041,9,9,44,1,Hombre,2.0,2,No tiene discapacidad,6,2.5,0.0,0.0,0.0,2.5,0.0,0.0,0.0,4220,1,0,0,0,1,0,0,0,1,2.5,0.0,0,0
90621803102.0,90621803,906218031,9,9,69,2,Mujer,2.0,2,No tiene discapacidad,5,4.0,4.0,0.0,0.0,0.0,0.0,0.0,0.0,3693,1,1,0,0,0,0,0,0,1,4.0,0.0,0,0
90621804101.0,90621804,906218041,9,9,78,1,Hombre,2.0,2,No tiene discapacidad,3,4.0,0.0,0.0,0.0,0.0,4.0,0.0,0.0,3786,1,0,0,0,0,1,0,0,1,4.0,0.0,0,0
90621805102.0,90621805,906218051,9,9,78,2,Mujer,2.0,2,No tiene discapacidad,5,2.0,0.0,0.0,0.0,0.0,2.0,0.0,0.0,3722,1,0,0,0,0,1,0,0,1,2.0,0.0,0,0
91416205101.0,91416205,914162051,9,9,61,1,Hombre,2.0,2,No tiene discapacidad,1,2.5,0.0,0.0,0.0,0.0,2.5,35.0,0.0,4460,1,0,0,0,0,1,1,0,1,2.5,35.0,1,1
91416205102.0,91416205,914162051,9,9,64,2,Mujer,2.0,2,No tiene discapacidad,3,2.5,0.0,0.0,0.0,0.0,2.5,0.0,0.0,4416,1,0,0,0,0,1,0,0,1,2.5,0.0,0,0
91419901101.0,91419901,914199011,9,9,32,1,Hombre,5.0,2,No tiene discapacidad,1,16.5,0.0,11.5,0.0,5.0,0.0,13.0,0.0,3236,1,0,1,0,1,0,1,0,1,16.5,13.0,1,1
91419901102.0,91419901,914199011,9,9,34,2,Mujer,5.0,2,No tiene discapacidad,1,28.91666666666666,0.0,28.91666666666666,0.0,0.0,0.0,15.0,0.0,3144,1,0,1,0,0,0,1,0,1,28.91666666666666,15.0,1,1
91419901103.0,91419901,914199011,9,9,63,2,Mujer,3.0,2,No tiene discapacidad,5,6.0,0.0,6.0,0.0,0.0,0.0,0.0,0.0,3136,1,0,1,0,0,0,0,0,1,6.0,0.0,0,0
91419902101.0,91419902,914199021,9,9,68,1,Hombre,4.0,2,No tiene discapacidad,3,2.0,0.0,0.0,0.0,0.0,2.0,0.0,0.0,3162,1,0,0,0,0,1,0,0,1,2.0,0.0,0,0
90208701101.0,90208701,902087011,9,9,73,1,Hombre,2.0,2,No tiene discapacidad,5,4.0,0.0,0.0,0.0,0.0,4.0,0.0,0.0,4225,1,0,0,0,0,1,0,0,1,4.0,0.0,0,0
90208702101.0,90208702,902087021,9,9,67,1,Hombre,2.0,2,No tiene discapacidad,3,2.0,0.0,0.0,0.0,1.0,1.0,0.0,0.0,4245,1,0,0,0,1,1,0,0,1,2.0,0.0,0,0
90208702102.0,90208702,902087021,9,9,66,2,Mujer,3.0,2,No tiene discapacidad,1,0.41666666666666,0.0,0.0,0.0,0.41666666666666,0.0,40.0,0.0,4247,1,0,0,0,1,0,1,0,1,0.41666666666666,40.0,1,1
90209205102.0,90209205,902092051,9,9,44,2,Mujer,4.0,2,No tiene discapacidad,1,2.49999999999999,0.0,2.16666666666666,0.33333333333333,0.0,0.0,40.0,0.0,4083,1,0,1,1,0,0,1,0,1,2.49999999999999,40.0,1,1
90232501101.0,90232501,902325011,9,9,72,2,Mujer,4.0,2,No tiene discapacidad,3,1.5,0.0,0.0,0.0,1.5,0.0,0.0,0.0,3345,1,0,0,0,1,0,0,0,1,1.5,0.0,0,0
90232501102.0,90232501,902325011,9,9,40,1,Hombre,4.0,2,No tiene discapacidad,2,6.0,0.0,0.0,0.0,0.0,6.0,0.0,5.0,3406,1,0,0,0,0,1,0,1,1,6.0,0.0,0,0
90232504101.0,90232504,902325041,9,9,33,2,Mujer,5.0,2,No tiene discapacidad,1,3.25,0.0,0.0,0.0,3.25,0.0,45.0,0.0,3301,1,0,0,0,1,0,1,0,1,3.25,45.0,1,1
90621805104.0,90621805,906218051,9,9,59,2,Mujer,2.0,2,No tiene discapacidad,5,16.5,16.5,0.0,0.0,0.0,0.0,0.0,0.0,3630,1,1,0,0,0,0,0,0,1,16.5,0.0,0,0
90621805105.0,90621805,906218051,9,9,31,1,Hombre,3.0,2,No tiene discapacidad,1,9.0,9.0,0.0,0.0,0.0,0.0,36.0,0.0,3778,1,1,0,0,0,0,1,0,1,9.0,36.0,1,1
91419903101.0,91419903,914199031,9,9,66,1,Hombre,2.0,2,No tiene discapacidad,5,2.0,0.0,0.0,0.0,0.0,2.0,0.0,0.0,3162,1,0,0,0,0,1,0,0,1,2.0,0.0,0,0
91419903103.0,91419903,914199031,9,9,40,1,Hombre,3.0,2,No tiene discapacidad,1,1.0,0.0,0.0,0.0,0.0,1.0,48.0,0.0,3245,1,0,0,0,0,1,1,0,1,1.0,48.0,1,1
91419904101.0,91419904,914199041,9,9,54,1,Hombre,4.0,2,No tiene discapacidad,1,3.25,0.0,0.0,0.0,3.25,0.0,60.0,0.0,3190,1,0,0,0,1,0,1,0,1,3.25,60.0,1,1
91317705103.0,91317705,913177051,9,9,24,2,Mujer,4.0,2,No tiene discapacidad,4,7.0,0.0,0.0,0.0,7.0,0.0,0.0,0.0,3341,1,0,0,0,1,0,0,0,1,7.0,0.0,0,0
91319201103.0,91319201,913192011,9,9,65,2,Mujer,2.0,2,No tiene discapacidad,5,7.0,0.0,0.0,0.0,7.0,0.0,0.0,0.0,5116,1,0,0,0,1,0,0,0,1,7.0,0.0,0,0
91319201104.0,91319201,913192011,9,9,20,2,Mujer,4.0,2,No tiene discapacidad,4,25.0,0.0,0.0,0.0,7.5,17.5,0.0,0.0,5174,1,0,0,0,1,1,0,0,1,25.0,0.0,0,0
91319202101.0,91319202,913192021,9,9,30,1,Hombre,3.0,2,No tiene discapacidad,1,21.5,0.0,14.5,0.0,7.0,0.0,60.0,0.0,5203,1,0,1,0,1,0,1,0,1,21.5,60.0,1,1
91319202102.0,91319202,913192021,9,9,30,2,Mujer,2.0,2,No tiene discapacidad,5,44.5,0.0,33.5,0.0,11.0,0.0,0.0,0.0,5086,1,0,1,0,1,0,0,0,1,44.5,0.0,0,0
91190602102.0,91190602,911906021,9,9,24,1,Hombre,4.0,2,No tiene discapacidad,4,10.0,0.0,0.0,0.0,1.0,9.0,0.0,0.0,4147,1,0,0,0,1,1,0,0,1,10.0,0.0,0,0
90630005103.0,90630005,906300051,9,9,15,2,Mujer,2.0,2,No tiene discapacidad,4,2.16666666666666,0.0,2.16666666666666,0.0,0.0,0.0,0.0,0.0,4737,1,0,1,0,0,0,0,0,1,2.16666666666666,0.0,0,0
90635801101.0,90635801,906358011,9,9,39,1,Hombre,3.0,2,No tiene discapacidad,1,1.5,0.0,0.0,0.0,1.5,0.0,70.0,0.0,3716,1,0,0,0,1,0,1,0,1,1.5,70.0,1,1
90258005101.0,90258005,902580051,9,9,49,1,Hombre,5.0,2,No tiene discapacidad,1,4.0,0.0,0.0,4.0,0.0,0.0,60.0,0.0,3906,1,0,0,1,0,0,1,0,1,4.0,60.0,1,1
90258005102.0,90258005,902580051,9,9,41,2,Mujer,5.0,2,No tiene discapacidad,1,4.0,0.0,0.0,4.0,0.0,0.0,40.0,0.0,3827,1,0,0,1,0,0,1,0,1,4.0,40.0,1,1
90258005103.0,90258005,902580051,9,9,35,2,Mujer,4.0,2,No tiene discapacidad,1,9.0,0.0,0.0,9.0,0.0,0.0,15.0,0.0,3827,1,0,0,1,0,0,1,0,1,9.0,15.0,1,1
91419904102.0,91419904,914199041,9,9,50,2,Mujer,3.0,2,No tiene discapacidad,1,5.0,0.0,0.0,0.0,5.0,0.0,35.0,0.0,3159,1,0,0,0,1,0,1,0,1,5.0,35.0,1,1
91419904103.0,91419904,914199041,9,9,26,2,Mujer,4.0,2,No tiene discapacidad,1,2.5,0.0,0.0,0.0,2.5,0.0,50.0,0.0,3161,1,0,0,0,1,0,1,0,1,2.5,50.0,1,1
91419904104.0,91419904,914199041,9,9,22,1,Hombre,4.0,2,No tiene discapacidad,1,7.0,0.0,0.0,0.0,7.0,0.0,60.0,0.0,3232,1,0,0,0,1,0,1,0,1,7.0,60.0,1,1
91419905103.0,91419905,914199051,9,9,45,1,Hombre,3.0,2,No tiene discapacidad,1,33.25,0.0,0.0,16.16666666666666,17.08333333333333,0.0,47.0,0.0,3205,1,0,0,1,1,0,1,0,1,33.25,47.0,1,1
91419905104.0,91419905,914199051,9,9,22,1,Hombre,4.0,2,No tiene discapacidad,4,15.5,0.0,0.0,15.5,0.0,0.0,0.0,0.0,3232,1,0,0,1,0,0,0,0,1,15.5,0.0,0,0
91319203101.0,91319203,913192031,9,9,44,1,Hombre,3.0,2,No tiene discapacidad,1,5.0,0.0,0.0,0.0,5.0,0.0,50.0,0.0,5248,1,0,0,0,1,0,1,0,1,5.0,50.0,1,1
91319204101.0,91319204,913192041,9,9,40,1,Hombre,3.0,2,No tiene discapacidad,1,34.66666666666666,0.0,0.0,20.66666666666666,14.0,0.0,55.0,0.0,5248,1,0,0,1,1,0,1,0,1,34.66666666666666,55.0,1,1
91319204102.0,91319204,913192041,9,9,38,2,Mujer,3.0,2,No tiene discapacidad,1,15.5,0.0,0.0,15.5,0.0,0.0,40.0,0.0,5079,1,0,0,1,0,0,1,0,1,15.5,40.0,1,1
91319204103.0,91319204,913192041,9,9,67,1,Hombre,3.0,1,Sí tiene discapacidad,3,1.0,0.0,0.0,1.0,0.0,0.0,0.0,0.0,5114,1,0,0,1,0,0,0,0,1,1.0,0.0,0,0
91190602103.0,91190602,911906021,9,9,45,2,Mujer,4.0,2,No tiene discapacidad,1,12.0,0.0,0.0,0.0,10.0,2.0,48.0,0.0,4021,1,0,0,0,1,1,1,0,1,12.0,48.0,1,1
91190603101.0,91190603,911906031,9,9,36,1,Hombre,3.0,2,No tiene discapacidad,1,1.0,0.0,0.0,0.5,0.5,0.0,40.0,0.0,4087,1,0,0,1,1,0,1,0,1,1.0,40.0,1,1
91190603102.0,91190603,911906031,9,9,34,2,Mujer,3.0,2,No tiene discapacidad,1,6.33333333333333,0.0,0.0,3.49999999999999,2.83333333333333,0.0,40.0,0.0,4034,1,0,0,1,1,0,1,0,1,6.33333333333333,40.0,1,1
91190605101.0,91190605,911906051,9,9,38,1,Hombre,5.0,2,No tiene discapacidad,1,41.48333333333333,0.0,20.85,11.33333333333333,9.3,0.0,42.0,0.0,4087,1,0,1,1,1,0,1,0,1,41.48333333333333,42.0,1,1
91190605102.0,91190605,911906051,9,9,39,2,Mujer,3.0,2,No tiene discapacidad,1,34.49999999999999,0.0,21.58333333333333,10.5,2.41666666666666,0.0,42.0,0.0,4028,1,0,1,1,1,0,1,0,1,34.49999999999999,42.0,1,1
90283904104.0,90283904,902839041,9,9,19,2,Mujer,2.0,2,No tiene discapacidad,1,1.16666666666666,0.0,0.0,0.0,1.16666666666666,0.0,70.0,0.0,5191,1,0,0,0,1,0,1,0,1,1.16666666666666,70.0,1,1
90283905101.0,90283905,902839051,9,9,62,2,Mujer,2.0,2,No tiene discapacidad,5,6.0,0.0,0.0,0.0,6.0,0.0,0.0,0.0,5095,1,0,0,0,1,0,0,0,1,6.0,0.0,0,0
91419905106.0,91419905,914199051,9,9,50,1,Hombre,4.0,2,No tiene discapacidad,1,5.0,0.0,0.0,5.0,0.0,0.0,30.0,0.0,3190,1,0,0,1,0,0,1,0,1,5.0,30.0,1,1
91429101102.0,91429101,914291011,9,9,40,2,Mujer,2.0,2,No tiene discapacidad,1,7.0,0.0,0.0,0.0,7.0,0.0,20.0,0.0,2740,1,0,0,0,1,0,1,0,1,7.0,20.0,1,1
90609103102.0,90609103,906091031,9,9,36,1,Hombre,3.0,2,No tiene discapacidad,1,0.33333333333333,0.0,0.0,0.0,0.33333333333333,0.0,66.0,0.0,3913,1,0,0,0,1,0,1,0,1,0.33333333333333,66.0,1,1
91342402101.0,91342402,913424021,9,9,30,2,Mujer,2.0,2,No tiene discapacidad,1,17.66666666666666,0.0,17.33333333333333,0.33333333333333,0.0,0.0,60.0,0.0,3854,1,0,1,1,0,0,1,0,1,17.66666666666666,60.0,1,1
91342403101.0,91342403,913424031,9,9,44,1,Hombre,4.0,2,No tiene discapacidad,1,0.83333333333333,0.0,0.0,0.0,0.83333333333333,0.0,42.0,0.0,3977,1,0,0,0,1,0,1,0,1,0.83333333333333,42.0,1,1
91342403103.0,91342403,913424031,9,9,24,2,Mujer,4.0,2,No tiene discapacidad,1,5.0,0.0,0.0,0.0,5.0,0.0,48.0,0.0,3920,1,0,0,0,1,0,1,0,1,5.0,48.0,1,1
91342403104.0,91342403,913424031,9,9,19,1,Hombre,3.0,2,No tiene discapacidad,4,6.91666666666666,0.0,0.0,0.0,6.91666666666666,0.0,0.0,0.0,3930,1,0,0,0,1,0,0,0,1,6.91666666666666,0.0,0,0
91342404101.0,91342404,913424041,9,9,50,1,Hombre,2.0,2,No tiene discapacidad,1,3.5,0.0,0.0,0.0,3.5,0.0,60.0,0.0,3910,1,0,0,0,1,0,1,0,1,3.5,60.0,1,1
91190605103.0,91190605,911906051,9,9,17,2,Mujer,3.0,2,No tiene discapacidad,4,4.16666666666666,0.0,1.5,2.66666666666666,0.0,0.0,0.0,0.0,4099,1,0,1,1,0,0,0,0,1,4.16666666666666,0.0,0,0
91190701101.0,91190701,911907011,9,9,71,2,Mujer,2.0,2,No tiene discapacidad,5,0.5,0.0,0.5,0.0,0.0,0.0,0.0,0.0,3497,1,0,1,0,0,0,0,0,1,0.5,0.0,0,0
91190701103.0,91190701,911907011,9,9,51,2,Mujer,3.0,2,No tiene discapacidad,1,5.63333333333333,0.0,5.63333333333333,0.0,0.0,0.0,56.0,0.0,3468,1,0,1,0,0,0,1,0,1,5.63333333333333,56.0,1,1
91190701104.0,91190701,911907011,9,9,50,1,Hombre,4.0,2,No tiene discapacidad,1,6.83333333333333,0.0,5.16666666666666,0.0,1.5,0.16666666666666,40.0,0.0,3501,1,0,1,0,1,1,1,0,1,6.83333333333333,40.0,1,1
90630004104.0,90630004,906300041,9,9,49,2,Mujer,4.0,2,No tiene discapacidad,1,4.0,0.0,0.0,0.0,0.0,4.0,35.0,0.0,4647,1,0,0,0,0,1,1,0,1,4.0,35.0,1,1
90630004105.0,90630004,906300041,9,9,24,1,Hombre,4.0,2,No tiene discapacidad,4,0.5,0.0,0.0,0.0,0.5,0.0,0.0,0.0,4792,1,0,0,0,1,0,0,0,1,0.5,0.0,0,0
90630005101.0,90630005,906300051,9,9,40,1,Hombre,2.0,2,No tiene discapacidad,1,2.25,0.0,2.25,0.0,0.0,0.0,60.0,0.0,4811,1,0,1,0,0,0,1,0,1,2.25,60.0,1,1
90630005102.0,90630005,906300051,9,9,40,2,Mujer,2.0,2,No tiene discapacidad,5,19.0,0.0,14.33333333333333,0.0,4.66666666666666,0.0,0.0,0.0,4656,1,0,1,0,1,0,0,0,1,19.0,0.0,0,0
91129305102.0,91129305,911293051,9,9,22,1,Hombre,3.0,2,No tiene discapacidad,1,4.5,0.0,0.0,2.0,2.5,0.0,8.0,0.0,5695,1,0,0,1,1,0,1,0,1,4.5,8.0,1,1
91152201101.0,91152201,911522011,9,9,54,2,Mujer,2.0,2,No tiene discapacidad,5,3.33333333333333,0.0,0.0,0.0,3.33333333333333,0.0,0.0,0.0,6752,1,0,0,0,1,0,0,0,1,3.33333333333333,0.0,0,0
91152201102.0,91152201,911522011,9,9,26,2,Mujer,4.0,2,No tiene discapacidad,4,1.0,0.0,0.0,0.0,1.0,0.0,0.0,0.0,6755,1,0,0,0,1,0,0,0,1,1.0,0.0,0,0
91152201103.0,91152201,911522011,9,9,21,1,Hombre,4.0,2,No tiene discapacidad,1,0.99999999999999,0.0,0.0,0.0,0.99999999999999,0.0,6.0,0.0,6907,1,0,0,0,1,0,1,0,1,0.99999999999999,6.0,1,1
91152202101.0,91152202,911522021,9,9,62,1,Hombre,4.0,2,No tiene discapacidad,1,12.75,0.0,0.0,0.0,12.75,0.0,56.0,0.0,6767,1,0,0,0,1,0,1,0,1,12.75,56.0,1,1
91152202102.0,91152202,911522021,9,9,44,2,Mujer,3.0,2,No tiene discapacidad,1,12.0,0.0,0.0,0.0,0.0,12.0,28.0,0.0,6710,1,0,0,0,0,1,1,0,1,12.0,28.0,1,1
90514104101.0,90514104,905141041,9,9,50,1,Hombre,4.0,2,No tiene discapacidad,1,10.5,0.0,0.0,0.0,10.5,0.0,50.0,0.0,3891,1,0,0,0,1,0,1,0,1,10.5,50.0,1,1
90514104102.0,90514104,905141041,9,9,48,2,Mujer,4.0,2,No tiene discapacidad,1,6.0,0.0,0.0,0.0,6.0,0.0,30.0,0.0,3824,1,0,0,0,1,0,1,0,1,6.0,30.0,1,1
90537202102.0,90537202,905372021,9,9,62,2,Mujer,3.0,2,No tiene discapacidad,5,14.91666666666666,14.91666666666666,0.0,0.0,0.0,0.0,0.0,0.0,4299,1,1,0,0,0,0,0,0,1,14.91666666666666,0.0,0,0
91190703101.0,91190703,911907031,9,9,56,1,Hombre,3.0,2,No tiene discapacidad,1,1.5,0.0,0.0,0.0,1.5,0.0,45.0,0.0,3510,1,0,0,0,1,0,1,0,1,1.5,45.0,1,1
91190703102.0,91190703,911907031,9,9,23,2,Mujer,3.0,2,No tiene discapacidad,1,1.0,0.0,0.0,0.0,1.0,0.0,12.0,0.0,3511,1,0,0,0,1,0,1,0,1,1.0,12.0,1,1
91190703103.0,91190703,911907031,9,9,47,2,Mujer,2.0,2,No tiene discapacidad,5,2.0,0.0,0.0,0.0,2.0,0.0,0.0,0.0,3440,1,0,0,0,1,0,0,0,1,2.0,0.0,0,0
91190704101.0,91190704,911907041,9,9,44,1,Hombre,4.0,2,No tiene discapacidad,1,0.83333333333333,0.0,0.0,0.83333333333333,0.0,0.0,46.0,0.0,3561,1,0,0,1,0,0,1,0,1,0.83333333333333,46.0,1,1
91190704102.0,91190704,911907041,9,9,40,2,Mujer,4.0,2,No tiene discapacidad,1,31.33333333333333,0.0,0.0,26.33333333333333,5.0,0.0,40.0,0.0,3446,1,0,0,1,1,0,1,0,1,31.33333333333333,40.0,1,1
90283901101.0,90283901,902839011,9,9,54,1,Hombre,3.0,2,No tiene discapacidad,1,7.0,0.0,0.0,3.5,3.5,0.0,58.0,0.0,5183,1,0,0,1,1,0,1,0,1,7.0,58.0,1,1
90283901102.0,90283901,902839011,9,9,47,2,Mujer,3.0,2,No tiene discapacidad,1,19.5,0.0,0.0,11.25,8.25,0.0,0.0,0.0,5093,1,0,0,1,1,0,0,0,1,19.5,0.0,0,0
90283901103.0,90283901,902839011,9,9,25,1,Hombre,3.0,2,No tiene discapacidad,1,9.0,0.0,0.0,2.0,7.0,0.0,32.0,0.0,5223,1,0,0,1,1,0,1,0,1,9.0,32.0,1,1
91152204101.0,91152204,911522041,9,9,56,2,Mujer,2.0,1,Sí tiene discapacidad,6,7.0,0.0,0.0,0.0,7.0,0.0,0.0,0.0,6644,1,0,0,0,1,0,0,0,1,7.0,0.0,0,0
91152204102.0,91152204,911522041,9,9,29,2,Mujer,3.0,2,No tiene discapacidad,5,10.0,0.0,0.0,0.0,10.0,0.0,0.0,0.0,6755,1,0,0,0,1,0,0,0,1,10.0,0.0,0,0
91152205101.0,91152205,911522051,9,9,72,1,Hombre,2.0,2,No tiene discapacidad,1,32.58333333333333,18.58333333333333,0.0,3.0,1.0,10.0,35.0,0.0,6724,1,1,0,1,1,1,1,0,1,32.58333333333333,35.0,1,1
91152205102.0,91152205,911522051,9,9,64,2,Mujer,3.0,1,Sí tiene discapacidad,1,7.66666666666666,6.91666666666666,0.0,0.25,0.5,0.0,55.0,0.0,6701,1,1,0,1,1,0,1,0,1,7.66666666666666,55.0,1,1
91152205103.0,91152205,911522051,9,9,32,2,Mujer,4.0,2,No tiene discapacidad,1,25.41666666666666,16.41666666666666,0.0,9.0,0.0,0.0,92.0,0.0,6719,1,1,0,1,0,0,1,0,1,25.41666666666666,92.0,1,1
90537203101.0,90537203,905372031,9,9,43,1,Hombre,5.0,2,No tiene discapacidad,1,2.0,0.0,0.0,0.0,2.0,0.0,40.0,0.0,4449,1,0,0,0,1,0,1,0,1,2.0,40.0,1,1
90537203102.0,90537203,905372031,9,9,35,2,Mujer,5.0,2,No tiene discapacidad,1,3.0,0.0,0.0,0.0,3.0,0.0,1.0,0.0,4305,1,0,0,0,1,0,1,0,1,3.0,1.0,1,1
91191102101.0,91191102,911911021,9,9,52,1,Hombre,4.0,2,No tiene discapacidad,1,6.16666666666666,0.0,0.0,0.0,6.16666666666666,0.0,45.0,0.0,4048,1,0,0,0,1,0,1,0,1,6.16666666666666,45.0,1,1
91369201101.0,91369201,913692011,9,9,65,1,Hombre,5.0,2,No tiene discapacidad,1,6.83333333333333,0.0,0.0,3.16666666666666,0.83333333333333,2.83333333333333,60.0,0.0,4518,1,0,0,1,1,1,1,0,1,6.83333333333333,60.0,1,1
91369201102.0,91369201,913692011,9,9,63,2,Mujer,5.0,2,No tiene discapacidad,3,8.0,0.0,0.0,8.0,0.0,0.0,0.0,0.0,4481,1,0,0,1,0,0,0,0,1,8.0,0.0,0,0
91369201103.0,91369201,913692011,9,9,39,2,Mujer,5.0,2,No tiene discapacidad,1,10.5,0.0,0.0,10.5,0.0,0.0,30.0,0.0,4487,1,0,0,1,0,0,1,0,1,10.5,30.0,1,1
91369202101.0,91369202,913692021,9,9,52,2,Mujer,3.0,2,No tiene discapacidad,1,5.0,0.0,0.0,0.0,5.0,0.0,48.0,0.0,4515,1,0,0,0,1,0,1,0,1,5.0,48.0,1,1
91369202102.0,91369202,913692021,9,9,25,2,Mujer,4.0,2,No tiene discapacidad,5,8.0,0.0,0.0,0.0,8.0,0.0,0.0,0.0,4517,1,0,0,0,1,0,0,0,1,8.0,0.0,0,0
91369203101.0,91369203,913692031,9,9,58,1,Hombre,3.0,2,No tiene discapacidad,1,1.75,0.0,0.0,0.0,1.75,0.0,40.0,0.0,4570,1,0,0,0,1,0,1,0,1,1.75,40.0,1,1
90283902101.0,90283902,902839021,9,9,64,2,Mujer,2.0,2,No tiene discapacidad,1,7.0,0.0,0.0,0.0,7.0,0.0,14.0,0.0,5095,1,0,0,0,1,0,1,0,1,7.0,14.0,1,1
90283902102.0,90283902,902839021,9,9,37,1,Hombre,3.0,2,No tiene discapacidad,1,10.5,0.0,0.0,0.0,0.0,10.5,14.0,0.0,5176,1,0,0,0,0,1,1,0,1,10.5,14.0,1,1
90283904101.0,90283904,902839041,9,9,26,1,Hombre,3.0,2,No tiene discapacidad,1,7.0,0.0,0.0,0.0,7.0,0.0,56.0,0.0,5223,1,0,0,0,1,0,1,0,1,7.0,56.0,1,1
90283904102.0,90283904,902839041,9,9,31,2,Mujer,4.0,2,No tiene discapacidad,1,7.0,0.0,0.0,0.0,7.0,0.0,0.0,0.0,5109,1,0,0,0,1,0,0,0,1,7.0,0.0,0,0
90283904103.0,90283904,902839041,9,9,20,1,Hombre,2.0,2,No tiene discapacidad,1,7.58333333333333,0.0,0.0,0.0,7.58333333333333,0.0,60.0,0.0,5251,1,0,0,0,1,0,1,0,1,7.58333333333333,60.0,1,1
91157002102.0,91157002,911570021,9,9,20,2,Mujer,4.0,2,No tiene discapacidad,4,7.0,0.0,0.0,0.0,7.0,0.0,0.0,0.0,4357,1,0,0,0,1,0,0,0,1,7.0,0.0,0,0
91157003102.0,91157003,911570031,9,9,55,1,Hombre,2.0,2,No tiene discapacidad,1,0.33333333333333,0.0,0.0,0.0,0.33333333333333,0.0,56.0,0.0,4357,1,0,0,0,1,0,1,0,1,0.33333333333333,56.0,1,1
91342404102.0,91342404,913424041,9,9,50,2,Mujer,5.0,2,No tiene discapacidad,1,2.0,0.0,0.0,0.0,2.0,0.0,47.5,0.0,3873,1,0,0,0,1,0,1,0,1,2.0,47.5,1,1
91342404103.0,91342404,913424041,9,9,26,1,Hombre,4.0,2,No tiene discapacidad,1,11.5,0.0,0.0,0.0,11.5,0.0,15.0,0.0,3940,1,0,0,0,1,0,1,0,1,11.5,15.0,1,1
90538701102.0,90538701,905387011,9,9,75,2,Mujer,4.0,2,No tiene discapacidad,3,4.0,0.0,0.0,0.0,1.0,3.0,0.0,0.0,4269,1,0,0,0,1,1,0,0,1,4.0,0.0,0,0
90538704101.0,90538704,905387041,9,9,57,1,Hombre,4.0,2,No tiene discapacidad,1,2.0,0.0,0.0,0.0,2.0,0.0,50.0,0.0,4283,1,0,0,0,1,0,1,0,1,2.0,50.0,1,1
91369203103.0,91369203,913692031,9,9,23,1,Hombre,4.0,2,No tiene discapacidad,1,4.0,0.0,0.0,0.0,4.0,0.0,45.0,0.0,4619,1,0,0,0,1,0,1,0,1,4.0,45.0,1,1
91369205101.0,91369205,913692051,9,9,44,1,Hombre,4.0,2,No tiene discapacidad,1,10.91666666666666,0.0,0.0,5.75,5.16666666666666,0.0,30.0,0.0,4637,1,0,0,1,1,0,1,0,1,10.91666666666666,30.0,1,1
91369205102.0,91369205,913692051,9,9,42,2,Mujer,4.0,2,No tiene discapacidad,1,35.83333333333333,0.0,0.0,33.5,2.33333333333333,0.0,21.0,0.0,4487,1,0,0,1,1,0,1,0,1,35.83333333333333,21.0,1,1
91408101101.0,91408101,914081011,9,9,74,2,Mujer,1.0,2,No tiene discapacidad,5,3.5,0.0,0.0,0.0,3.5,0.0,0.0,0.0,3872,1,0,0,0,1,0,0,0,1,3.5,0.0,0,0
91408101102.0,91408101,914081011,9,9,84,1,Hombre,4.0,2,No tiene discapacidad,1,4.66666666666666,0.0,0.0,0.0,1.75,2.91666666666666,30.0,0.0,3978,1,0,0,0,1,1,1,0,1,4.66666666666666,30.0,1,1
90239801102.0,90239801,902398011,9,9,57,1,Hombre,4.0,2,No tiene discapacidad,1,13.5,0.0,0.0,10.0,3.5,0.0,72.0,0.0,2285,1,0,0,1,1,0,1,0,1,13.5,72.0,1,1
90239801103.0,90239801,902398011,9,9,26,2,Mujer,3.0,2,No tiene discapacidad,1,13.08333333333333,0.0,0.0,12.5,0.58333333333333,0.0,60.0,0.0,2258,1,0,0,1,1,0,1,0,1,13.08333333333333,60.0,1,1
90239801104.0,90239801,902398011,9,9,18,1,Hombre,3.0,2,No tiene discapacidad,4,6.5,0.0,0.0,5.5,1.0,0.0,0.0,0.0,2290,1,0,0,1,1,0,0,0,1,6.5,0.0,0,0
90239804101.0,90239804,902398041,9,9,46,2,Mujer,4.0,2,No tiene discapacidad,1,0.5,0.0,0.0,0.0,0.5,0.0,50.0,0.0,2239,1,0,0,0,1,0,1,0,1,0.5,50.0,1,1
90239804102.0,90239804,902398041,9,9,29,2,Mujer,5.0,2,No tiene discapacidad,1,1.16666666666666,0.0,0.0,0.0,0.0,1.16666666666666,45.0,0.0,2258,1,0,0,0,0,1,1,0,1,1.16666666666666,45.0,1,1
91342404104.0,91342404,913424041,9,9,23,2,Mujer,4.0,2,No tiene discapacidad,4,5.0,0.0,0.0,0.0,5.0,0.0,0.0,0.0,3920,1,0,0,0,1,0,0,0,1,5.0,0.0,0,0
91342405101.0,91342405,913424051,9,9,41,1,Hombre,3.0,2,No tiene discapacidad,1,21.08333333333333,10.91666666666666,10.16666666666666,0.0,0.0,0.0,40.0,0.0,3977,1,1,1,0,0,0,1,0,1,21.08333333333333,40.0,1,1
91342405102.0,91342405,913424051,9,9,39,2,Mujer,3.0,1,Sí tiene discapacidad,1,24.16666666666666,0.0,17.16666666666666,0.0,7.0,0.0,5.0,0.0,3849,1,0,1,0,1,0,1,0,1,24.16666666666666,5.0,1,1
91342405201.0,91342405,913424052,9,9,42,2,Mujer,4.0,2,No tiene discapacidad,1,2.33333333333333,0.0,0.0,0.0,2.33333333333333,0.0,48.0,0.0,3849,1,0,0,0,1,0,1,0,1,2.33333333333333,48.0,1,1
91342405202.0,91342405,913424052,9,9,50,2,Mujer,4.0,2,No tiene discapacidad,1,1.83333333333333,0.0,0.0,0.0,1.83333333333333,0.0,60.0,0.0,3873,1,0,0,0,1,0,1,0,1,1.83333333333333,60.0,1,1
91342405203.0,91342405,913424052,9,9,50,1,Hombre,4.0,2,No tiene discapacidad,1,2.5,0.0,0.0,0.0,2.5,0.0,73.0,0.0,3910,1,0,0,0,1,0,1,0,1,2.5,73.0,1,1
91342405204.0,91342405,913424052,9,9,21,1,Hombre,4.0,2,No tiene discapacidad,4,0.33333333333333,0.0,0.0,0.0,0.33333333333333,0.0,0.0,0.0,3962,1,0,0,0,1,0,0,0,1,0.33333333333333,0.0,0,0
90538704102.0,90538704,905387041,9,9,57,2,Mujer,5.0,2,No tiene discapacidad,1,2.0,0.0,0.0,0.0,2.0,0.0,60.0,0.0,4164,1,0,0,0,1,0,1,0,1,2.0,60.0,1,1
90538704103.0,90538704,905387041,9,9,27,2,Mujer,4.0,2,No tiene discapacidad,1,4.0,0.0,0.0,0.0,4.0,0.0,40.0,0.0,4233,1,0,0,0,1,0,1,0,1,4.0,40.0,1,1
90556901101.0,90556901,905569011,9,9,33,2,Mujer,4.0,2,No tiene discapacidad,1,4.83333333333333,0.0,2.83333333333333,2.0,0.0,0.0,51.0,0.0,4748,1,0,1,1,0,0,1,0,1,4.83333333333333,51.0,1,1
90556902101.0,90556902,905569021,9,9,47,2,Mujer,3.0,2,No tiene discapacidad,1,17.0,0.0,0.0,10.0,7.0,0.0,90.0,0.0,4733,1,0,0,1,1,0,1,0,1,17.0,90.0,1,1
90556902103.0,90556902,905569021,9,9,19,1,Hombre,3.0,2,No tiene discapacidad,1,1.83333333333333,0.0,0.0,1.5,0.33333333333333,0.0,30.0,0.0,4842,1,0,0,1,1,0,1,0,1,1.83333333333333,30.0,1,1
90556903101.0,90556903,905569031,9,9,31,1,Hombre,5.0,2,No tiene discapacidad,1,6.13333333333333,0.0,0.0,0.0,6.13333333333333,0.0,40.0,0.0,4886,1,0,0,0,1,0,1,0,1,6.13333333333333,40.0,1,1
91408101103.0,91408101,914081011,9,9,15,1,Hombre,2.0,2,No tiene discapacidad,4,2.66666666666666,0.0,0.0,0.0,0.0,2.66666666666666,0.0,0.0,3896,1,0,0,0,0,1,0,0,1,2.66666666666666,0.0,0,0
91408102101.0,91408102,914081021,9,9,58,1,Hombre,2.0,1,Sí tiene discapacidad,5,4.0,0.0,0.0,0.0,4.0,0.0,0.0,0.0,3886,1,0,0,0,1,0,0,0,1,4.0,0.0,0,0
91408102102.0,91408102,914081021,9,9,55,2,Mujer,2.0,2,No tiene discapacidad,1,14.0,0.0,0.0,0.0,14.0,0.0,72.0,0.0,3778,1,0,0,0,1,0,1,0,1,14.0,72.0,1,1
91408103101.0,91408103,914081031,9,9,65,2,Mujer,2.0,2,No tiene discapacidad,5,5.0,0.0,0.0,0.0,5.0,0.0,0.0,0.0,3843,1,0,0,0,1,0,0,0,1,5.0,0.0,0,0
91408103103.0,91408103,914081031,9,9,40,2,Mujer,3.0,2,No tiene discapacidad,1,7.33333333333333,0.0,0.0,0.0,2.66666666666666,4.66666666666666,28.0,0.0,3815,1,0,0,0,1,1,1,0,1,7.33333333333333,28.0,1,1
91408104101.0,91408104,914081041,9,9,52,2,Mujer,4.0,2,No tiene discapacidad,1,14.0,0.0,0.0,0.0,14.0,0.0,60.0,0.0,3839,1,0,0,0,1,0,1,0,1,14.0,60.0,1,1
90239804103.0,90239804,902398041,9,9,24,1,Hombre,4.0,2,No tiene discapacidad,1,3.0,0.0,0.0,0.0,3.0,0.0,47.0,0.0,2309,1,0,0,0,1,0,1,0,1,3.0,47.0,1,1
90253501101.0,90253501,902535011,9,9,54,1,Hombre,2.0,2,No tiene discapacidad,1,1.41666666666666,0.0,0.0,0.0,1.41666666666666,0.0,48.0,0.0,4026,1,0,0,0,1,0,1,0,1,1.41666666666666,48.0,1,1
90253501102.0,90253501,902535011,9,9,56,2,Mujer,2.0,2,No tiene discapacidad,1,2.0,0.0,0.0,0.0,2.0,0.0,54.0,0.0,3924,1,0,0,0,1,0,1,0,1,2.0,54.0,1,1
91364301101.0,91364301,913643011,9,9,56,2,Mujer,2.0,2,No tiene discapacidad,1,8.33333333333333,0.0,7.33333333333333,1.0,0.0,0.0,3.0,0.0,4205,1,0,1,1,0,0,1,0,1,8.33333333333333,3.0,1,1
91364301102.0,91364301,913643011,9,9,33,2,Mujer,2.0,2,No tiene discapacidad,1,10.0,0.0,8.0,2.0,0.0,0.0,56.0,0.0,4252,1,0,1,1,0,0,1,0,1,10.0,56.0,1,1
91364301103.0,91364301,913643011,9,9,16,1,Hombre,2.0,2,No tiene discapacidad,5,0.5,0.0,0.5,0.0,0.0,0.0,0.0,0.0,4337,1,0,1,0,0,0,0,0,1,0.5,0.0,0,0
91364301104.0,91364301,913643011,9,9,15,1,Hombre,2.0,2,No tiene discapacidad,1,0.5,0.0,0.5,0.0,0.0,0.0,44.0,0.0,4337,1,0,1,0,0,0,1,0,1,0.5,44.0,1,1
91364302101.0,91364302,913643021,9,9,64,2,Mujer,2.0,1,Sí tiene discapacidad,1,10.66666666666666,0.0,10.66666666666666,0.0,0.0,0.0,1.0,0.0,4241,1,0,1,0,0,0,1,0,1,10.66666666666666,1.0,1,1
91364302102.0,91364302,913643021,9,9,59,1,Hombre,2.0,1,Sí tiene discapacidad,1,23.25,0.0,9.25,0.0,7.0,7.0,6.0,0.0,4325,1,0,1,0,1,1,1,0,1,23.25,6.0,1,1
91364302103.0,91364302,913643021,9,9,21,1,Hombre,3.0,2,No tiene discapacidad,1,6.03333333333333,0.0,3.03333333333333,0.0,3.0,0.0,100.0,0.0,4371,1,0,1,0,1,0,1,0,1,6.03333333333333,100.0,1,1
90556903102.0,90556903,905569031,9,9,30,1,Hombre,5.0,2,No tiene discapacidad,1,6.0,0.0,0.0,0.0,6.0,0.0,40.0,0.0,4886,1,0,0,0,1,0,1,0,1,6.0,40.0,1,1
90179702102.0,90179702,901797021,9,9,33,1,Hombre,4.0,2,No tiene discapacidad,1,7.66666666666666,0.0,0.0,0.0,6.66666666666666,1.0,45.0,0.0,3323,1,0,0,0,1,1,1,0,1,7.66666666666666,45.0,1,1
90179702103.0,90179702,901797021,9,9,29,2,Mujer,4.0,2,No tiene discapacidad,1,1.33333333333333,0.0,0.0,0.0,1.33333333333333,0.0,53.0,0.0,3246,1,0,0,0,1,0,1,0,1,1.33333333333333,53.0,1,1
90179703102.0,90179703,901797031,9,9,27,1,Hombre,4.0,2,No tiene discapacidad,1,2.33333333333333,0.0,0.0,0.0,2.33333333333333,0.0,10.0,0.0,3301,1,0,0,0,1,0,1,0,1,2.33333333333333,10.0,1,1
91408104102.0,91408104,914081041,9,9,22,1,Hombre,3.0,2,No tiene discapacidad,1,15.33333333333333,0.0,0.0,0.0,15.33333333333333,0.0,50.0,0.0,3927,1,0,0,0,1,0,1,0,1,15.33333333333333,50.0,1,1
91408105101.0,91408105,914081051,9,9,31,2,Mujer,4.0,1,Sí tiene discapacidad,1,24.0,0.0,0.0,24.0,0.0,0.0,48.0,0.0,3820,1,0,0,1,0,0,1,0,1,24.0,48.0,1,1
91408105102.0,91408105,914081051,9,9,33,1,Hombre,4.0,2,No tiene discapacidad,1,8.5,0.0,0.0,2.0,6.5,0.0,60.0,0.0,3932,1,0,0,1,1,0,1,0,1,8.5,60.0,1,1
91416202101.0,91416202,914162021,9,9,42,1,Hombre,5.0,2,No tiene discapacidad,1,8.33333333333333,0.0,0.0,5.33333333333333,3.0,0.0,64.0,0.0,4570,1,0,0,1,1,0,1,0,1,8.33333333333333,64.0,1,1
91416202102.0,91416202,914162021,9,9,35,2,Mujer,4.0,2,No tiene discapacidad,5,13.41666666666666,0.0,0.0,13.41666666666666,0.0,0.0,0.0,0.0,4422,1,0,0,1,0,0,0,0,1,13.41666666666666,0.0,0,0
90253501106.0,90253501,902535011,9,9,18,2,Mujer,3.0,2,No tiene discapacidad,4,2.0,0.0,0.0,0.0,2.0,0.0,0.0,0.0,4033,1,0,0,0,1,0,0,0,1,2.0,0.0,0,0
90253502101.0,90253502,902535021,9,9,62,1,Hombre,2.0,2,No tiene discapacidad,1,7.0,7.0,0.0,0.0,0.0,0.0,3.0,0.0,3997,1,1,0,0,0,0,1,0,1,7.0,3.0,1,1
90253502102.0,90253502,902535021,9,9,59,2,Mujer,2.0,1,Sí tiene discapacidad,1,1.16666666666666,0.0,0.0,0.0,1.0,0.16666666666666,10.0,0.0,3924,1,0,0,0,1,1,1,0,1,1.16666666666666,10.0,1,1
90253502103.0,90253502,902535021,9,9,30,1,Hombre,5.0,2,No tiene discapacidad,1,1.5,0.0,0.0,0.0,0.0,1.5,70.0,0.0,4084,1,0,0,0,0,1,1,0,1,1.5,70.0,1,1
90258001101.0,90258001,902580011,9,9,53,1,Hombre,2.0,2,No tiene discapacidad,1,17.66666666666666,0.0,0.0,8.83333333333333,8.83333333333333,0.0,34.0,0.0,3888,1,0,0,1,1,0,1,0,1,17.66666666666666,34.0,1,1
91364303101.0,91364303,913643031,9,9,67,2,Mujer,2.0,2,No tiene discapacidad,5,18.66666666666666,18.66666666666666,0.0,0.0,0.0,0.0,0.0,0.0,4277,1,1,0,0,0,0,0,0,1,18.66666666666666,0.0,0,0
91364303102.0,91364303,913643031,9,9,45,2,Mujer,2.0,2,No tiene discapacidad,1,7.83333333333333,7.83333333333333,0.0,0.0,0.0,0.0,6.0,0.0,4239,1,1,0,0,0,0,1,0,1,7.83333333333333,6.0,1,1
91364304102.0,91364304,913643041,9,9,35,2,Mujer,2.0,2,No tiene discapacidad,1,7.5,0.0,0.0,7.5,0.0,0.0,50.0,0.0,4247,1,0,0,1,0,0,1,0,1,7.5,50.0,1,1
90179704101.0,90179704,901797041,9,9,60,1,Hombre,4.0,2,No tiene discapacidad,1,8.0,0.0,0.0,0.0,0.0,8.0,90.0,0.0,3252,1,0,0,0,0,1,1,0,1,8.0,90.0,1,1
90198702101.0,90198702,901987021,9,9,54,1,Hombre,3.0,2,No tiene discapacidad,1,0.16666666666666,0.0,0.0,0.0,0.16666666666666,0.0,48.0,0.0,3037,1,0,0,0,1,0,1,0,1,0.16666666666666,48.0,1,1
90594103104.0,90594103,905941031,9,9,53,2,Mujer,4.0,2,No tiene discapacidad,5,4.5,0.0,0.0,4.5,0.0,0.0,0.0,0.0,3108,1,0,0,1,0,0,0,0,1,4.5,0.0,0,0
90594103105.0,90594103,905941031,9,9,33,1,Hombre,3.0,2,No tiene discapacidad,1,1.0,0.0,0.0,0.66666666666666,0.33333333333333,0.0,48.0,0.0,3183,1,0,0,1,1,0,1,0,1,1.0,48.0,1,1
90594104102.0,90594104,905941041,9,9,36,2,Mujer,5.0,2,No tiene discapacidad,1,3.0,0.0,0.0,0.0,0.0,3.0,40.0,0.0,3089,1,0,0,0,0,1,1,0,1,3.0,40.0,1,1
90258001102.0,90258001,902580011,9,9,48,2,Mujer,4.0,2,No tiene discapacidad,1,7.66666666666666,0.0,0.0,7.66666666666666,0.0,0.0,40.0,0.0,3820,1,0,0,1,0,0,1,0,1,7.66666666666666,40.0,1,1
90258002101.0,90258002,902580021,9,9,18,2,Mujer,3.0,2,No tiene discapacidad,4,14.0,0.0,0.0,0.0,14.0,0.0,0.0,0.0,3894,1,0,0,0,1,0,0,0,1,14.0,0.0,0,0
90258002102.0,90258002,902580021,9,9,49,2,Mujer,4.0,2,No tiene discapacidad,1,0.41666666666666,0.0,0.0,0.0,0.41666666666666,0.0,50.0,0.0,3820,1,0,0,0,1,0,1,0,1,0.41666666666666,50.0,1,1
91364305101.0,91364305,913643051,9,9,63,1,Hombre,3.0,1,Sí tiene discapacidad,1,10.0,9.0,0.0,0.0,1.0,0.0,36.0,0.0,4283,1,1,0,0,1,0,1,0,1,10.0,36.0,1,1
91364305102.0,91364305,913643051,9,9,63,2,Mujer,2.0,1,Sí tiene discapacidad,5,15.51666666666666,15.51666666666666,0.0,0.0,0.0,0.0,0.0,0.0,4241,1,1,0,0,0,0,0,0,1,15.51666666666666,0.0,0,0
90561502101.0,90561502,905615021,9,9,25,1,Hombre,4.0,2,No tiene discapacidad,1,0.5,0.0,0.0,0.0,0.5,0.0,68.0,0.0,4334,1,0,0,0,1,0,1,0,1,0.5,68.0,1,1
90198702103.0,90198702,901987021,9,9,21,1,Hombre,3.0,2,No tiene discapacidad,1,1.33333333333333,0.0,0.0,0.0,1.33333333333333,0.0,36.0,0.0,3077,1,0,0,0,1,0,1,0,1,1.33333333333333,36.0,1,1
90198703101.0,90198703,901987031,9,9,82,2,Mujer,2.0,2,No tiene discapacidad,5,1.0,0.0,0.0,0.0,1.0,0.0,0.0,0.0,3111,1,0,0,0,1,0,0,0,1,1.0,0.0,0,0
90198703102.0,90198703,901987031,9,9,56,2,Mujer,3.0,2,No tiene discapacidad,5,7.0,0.0,0.0,0.0,7.0,0.0,0.0,0.0,2960,1,0,0,0,1,0,0,0,1,7.0,0.0,0,0
90198703104.0,90198703,901987031,9,9,20,2,Mujer,3.0,2,No tiene discapacidad,4,0.33333333333333,0.0,0.0,0.0,0.0,0.33333333333333,0.0,0.0,3045,1,0,0,0,0,1,0,0,1,0.33333333333333,0.0,0,0
91191102104.0,91191102,911911021,9,9,22,2,Mujer,4.0,2,No tiene discapacidad,4,2.0,0.0,0.0,0.0,2.0,0.0,0.0,0.0,4059,1,0,0,0,1,0,0,0,1,2.0,0.0,0,0
91191103101.0,91191103,911911031,9,9,49,2,Mujer,4.0,2,No tiene discapacidad,1,7.0,0.0,0.0,0.0,0.0,7.0,35.0,0.0,3978,1,0,0,0,0,1,1,0,1,7.0,35.0,1,1
91191103103.0,91191103,911911031,9,9,20,2,Mujer,4.0,2,No tiene discapacidad,4,8.16666666666666,0.0,0.0,0.0,5.0,3.16666666666666,0.0,0.0,4059,1,0,0,0,1,1,0,0,1,8.16666666666666,0.0,0,0
91191103104.0,91191103,911911031,9,9,18,2,Mujer,3.0,2,No tiene discapacidad,4,0.5,0.0,0.0,0.0,0.0,0.5,0.0,0.0,4055,1,0,0,0,0,1,0,0,1,0.5,0.0,0,0
90561502102.0,90561502,905615021,9,9,47,2,Mujer,2.0,2,No tiene discapacidad,5,5.0,0.0,0.0,0.0,0.0,5.0,0.0,0.0,4226,1,0,0,0,0,1,0,0,1,5.0,0.0,0,0
90561502103.0,90561502,905615021,9,9,61,2,Mujer,2.0,2,No tiene discapacidad,3,14.0,0.0,0.0,0.0,14.0,0.0,0.0,0.0,4228,1,0,0,0,1,0,0,0,1,14.0,0.0,0,0
90561503101.0,90561503,905615031,9,9,52,1,Hombre,3.0,2,No tiene discapacidad,1,5.0,0.0,0.0,0.0,5.0,0.0,36.0,0.0,4301,1,0,0,0,1,0,1,0,1,5.0,36.0,1,1
90561503103.0,90561503,905615031,9,9,27,2,Mujer,3.0,2,No tiene discapacidad,1,9.0,0.0,0.0,0.0,9.0,0.0,48.0,0.0,4262,1,0,0,0,1,0,1,0,1,9.0,48.0,1,1
90561503104.0,90561503,905615031,9,9,19,1,Hombre,2.0,2,No tiene discapacidad,1,3.0,0.0,0.0,0.0,3.0,0.0,41.0,0.0,4323,1,0,0,0,1,0,1,0,1,3.0,41.0,1,1
90202501101.0,90202501,902025011,9,9,46,2,Mujer,4.0,2,No tiene discapacidad,1,10.0,0.0,0.0,7.5,2.5,0.0,40.0,0.0,3940,1,0,0,1,1,0,1,0,1,10.0,40.0,1,1
90202501102.0,90202501,902025011,9,9,22,1,Hombre,2.0,2,No tiene discapacidad,6,3.16666666666666,0.0,0.0,1.16666666666666,2.0,0.0,0.0,0.0,4062,1,0,0,1,1,0,0,0,1,3.16666666666666,0.0,0,0
90202503102.0,90202503,902025031,9,9,30,1,Hombre,4.0,2,No tiene discapacidad,1,13.0,0.0,0.0,0.0,13.0,0.0,50.0,0.0,4067,1,0,0,0,1,0,1,0,1,13.0,50.0,1,1
90598902101.0,90598902,905989021,9,9,35,2,Mujer,2.0,2,No tiene discapacidad,1,44.83333333333333,0.0,39.5,5.33333333333333,0.0,0.0,14.0,0.0,3452,1,0,1,1,0,0,1,0,1,44.83333333333333,14.0,1,1
90598903101.0,90598903,905989031,9,9,71,2,Mujer,2.0,2,No tiene discapacidad,1,6.0,0.0,0.0,0.0,6.0,0.0,40.0,0.0,3503,1,0,0,0,1,0,1,0,1,6.0,40.0,1,1
90598903105.0,90598903,905989031,9,9,21,1,Hombre,3.0,2,No tiene discapacidad,6,0.66666666666666,0.0,0.0,0.0,0.66666666666666,0.0,0.0,0.0,3554,1,0,0,0,1,0,0,0,1,0.66666666666666,0.0,0,0
91191105101.0,91191105,911911051,9,9,43,1,Hombre,4.0,2,No tiene discapacidad,1,11.0,0.0,0.0,0.0,0.0,11.0,0.0,0.0,4118,1,0,0,0,0,1,0,0,1,11.0,0.0,0,0
91191105102.0,91191105,911911051,9,9,75,1,Hombre,3.0,2,No tiene discapacidad,3,8.0,0.0,0.0,0.0,0.5,7.5,0.0,0.0,4115,1,0,0,0,1,1,0,0,1,8.0,0.0,0,0
91193603101.0,91193603,911936031,9,9,57,1,Hombre,4.0,2,No tiene discapacidad,1,3.75,0.0,0.0,2.75,1.0,0.0,56.0,0.0,3866,1,0,0,1,1,0,1,0,1,3.75,56.0,1,1
91193603102.0,91193603,911936031,9,9,51,2,Mujer,3.0,2,No tiene discapacidad,1,27.5,0.0,0.0,26.0,1.5,0.0,45.0,0.0,3819,1,0,0,1,1,0,1,0,1,27.5,45.0,1,1
90579801101.0,90579801,905798011,9,9,75,2,Mujer,2.0,1,Sí tiene discapacidad,5,0.25,0.0,0.0,0.0,0.0,0.25,0.0,0.0,3662,1,0,0,0,0,1,0,0,1,0.25,0.0,0,0
90635804102.0,90635804,906358041,9,9,50,1,Hombre,3.0,2,No tiene discapacidad,1,5.0,3.0,0.0,2.0,0.0,0.0,56.0,0.0,3720,1,1,0,1,0,0,1,0,1,5.0,56.0,1,1
90635804103.0,90635804,906358041,9,9,47,2,Mujer,4.0,2,No tiene discapacidad,1,30.33333333333333,7.83333333333333,0.0,22.5,0.0,0.0,55.0,0.0,3656,1,1,0,1,0,0,1,0,1,30.33333333333333,55.0,1,1
90637401101.0,90637401,906374011,9,9,61,2,Mujer,3.0,2,No tiene discapacidad,1,3.0,0.0,0.0,0.0,0.0,3.0,60.0,0.0,3341,1,0,0,0,0,1,1,0,1,3.0,60.0,1,1
91230801105.0,91230801,912308011,9,9,21,1,Hombre,4.0,2,No tiene discapacidad,4,1.5,0.0,0.0,0.0,1.5,0.0,0.0,0.0,3169,1,0,0,0,1,0,0,0,1,1.5,0.0,0,0
91230803101.0,91230803,912308031,9,9,24,1,Hombre,2.0,2,No tiene discapacidad,1,25.0,0.0,25.0,0.0,0.0,0.0,60.0,0.0,3169,1,0,1,0,0,0,1,0,1,25.0,60.0,1,1
91230803102.0,91230803,912308031,9,9,22,2,Mujer,3.0,2,No tiene discapacidad,5,34.66666666666666,0.0,34.66666666666666,0.0,0.0,0.0,0.0,0.0,3136,1,0,1,0,0,0,0,0,1,34.66666666666666,0.0,0,0
91230804101.0,91230804,912308041,9,9,63,2,Mujer,3.0,2,No tiene discapacidad,5,2.0,0.0,0.0,0.0,2.0,0.0,0.0,0.0,3075,1,0,0,0,1,0,0,0,1,2.0,0.0,0,0
90637405101.0,90637405,906374051,9,9,63,2,Mujer,2.0,2,No tiene discapacidad,1,9.5,9.5,0.0,0.0,0.0,0.0,6.0,0.0,3341,1,1,0,0,0,0,1,0,1,9.5,6.0,1,1
91230804103.0,91230804,912308041,9,9,38,2,Mujer,3.0,2,No tiene discapacidad,1,0.5,0.0,0.0,0.0,0.0,0.5,48.0,0.0,3079,1,0,0,0,0,1,1,0,1,0.5,48.0,1,1
91491505102.0,91491505,914915051,9,9,36,2,Mujer,3.0,2,No tiene discapacidad,1,10.0,0.0,0.0,6.5,3.5,0.0,58.0,0.0,3946,1,0,0,1,1,0,1,0,1,10.0,58.0,1,1
91491505103.0,91491505,914915051,9,9,15,1,Hombre,2.0,2,No tiene discapacidad,4,0.83333333333333,0.0,0.0,0.83333333333333,0.0,0.0,0.0,0.0,4029,1,0,0,1,0,0,0,0,1,0.83333333333333,0.0,0,0
91499003101.0,91499003,914990031,9,9,39,1,Hombre,2.0,2,No tiene discapacidad,1,2.0,0.0,2.0,0.0,0.0,0.0,35.0,0.0,4387,1,0,1,0,0,0,1,0,1,2.0,35.0,1,1
91499003102.0,91499003,914990031,9,9,35,2,Mujer,1.0,2,No tiene discapacidad,1,23.0,0.0,23.0,0.0,0.0,0.0,40.0,0.0,4324,1,0,1,0,0,0,1,0,1,23.0,40.0,1,1
91499003103.0,91499003,914990031,9,9,17,2,Mujer,3.0,2,No tiene discapacidad,5,7.0,0.0,7.0,0.0,0.0,0.0,0.0,0.0,4400,1,0,1,0,0,0,0,0,1,7.0,0.0,0,0
91499004101.0,91499004,914990041,9,9,33,2,Mujer,4.0,2,No tiene discapacidad,1,49.5,0.0,49.5,0.0,0.0,0.0,40.0,0.0,4330,1,0,1,0,0,0,1,0,1,49.5,40.0,1,1
91496501102.0,91496501,914965011,9,9,60,2,Mujer,3.0,2,No tiene discapacidad,5,4.0,0.0,0.0,0.0,0.0,4.0,0.0,0.0,3918,1,0,0,0,0,1,0,0,1,4.0,0.0,0,0
91496501103.0,91496501,914965011,9,9,29,2,Mujer,4.0,2,No tiene discapacidad,1,9.0,0.0,0.0,0.0,0.0,9.0,40.0,0.0,3950,1,0,0,0,0,1,1,0,1,9.0,40.0,1,1
91496502101.0,91496502,914965021,9,9,63,1,Hombre,2.0,2,No tiene discapacidad,1,5.0,0.0,5.0,0.0,0.0,0.0,46.0,0.0,3957,1,0,1,0,0,0,1,0,1,5.0,46.0,1,1
91496502102.0,91496502,914965021,9,9,62,2,Mujer,3.0,2,No tiene discapacidad,1,10.0,0.0,10.0,0.0,0.0,0.0,40.0,0.0,3918,1,0,1,0,0,0,1,0,1,10.0,40.0,1,1
91496502104.0,91496502,914965021,9,9,34,1,Hombre,4.0,2,No tiene discapacidad,1,5.5,0.0,2.5,0.0,3.0,0.0,70.0,0.0,4044,1,0,1,0,1,0,1,0,1,5.5,70.0,1,1
91496502105.0,91496502,914965021,9,9,34,2,Mujer,4.0,2,No tiene discapacidad,1,24.0,0.0,23.0,0.0,0.0,1.0,70.0,0.0,3929,1,0,1,0,0,1,1,0,1,24.0,70.0,1,1
91506902101.0,91506902,915069021,9,9,77,2,Mujer,2.0,2,No tiene discapacidad,5,3.0,0.0,0.0,0.0,3.0,0.0,0.0,0.0,4349,1,0,0,0,1,0,0,0,1,3.0,0.0,0,0
91496504101.0,91496504,914965041,9,9,35,2,Mujer,2.0,2,No tiene discapacidad,1,39.0,0.0,0.0,22.0,17.0,0.0,12.0,0.0,3924,1,0,0,1,1,0,1,0,1,39.0,12.0,1,1
91496504102.0,91496504,914965041,9,9,15,2,Mujer,2.0,2,No tiene discapacidad,4,17.0,0.0,0.0,5.0,12.0,0.0,0.0,0.0,3993,1,0,0,1,1,0,0,0,1,17.0,0.0,0,0
90652201103.0,90652201,906522011,9,9,48,2,Mujer,4.0,2,No tiene discapacidad,1,1.91666666666666,1.91666666666666,0.0,0.0,0.0,0.0,70.0,0.0,4765,1,1,0,0,0,0,1,0,1,1.91666666666666,70.0,1,1
90652202101.0,90652202,906522021,9,9,27,1,Hombre,3.0,2,No tiene discapacidad,1,5.33333333333333,0.0,5.33333333333333,0.0,0.0,0.0,40.0,0.0,4887,1,0,1,0,0,0,1,0,1,5.33333333333333,40.0,1,1
90652202102.0,90652202,906522021,9,9,31,2,Mujer,3.0,2,No tiene discapacidad,1,6.16666666666666,0.0,6.16666666666666,0.0,0.0,0.0,35.0,0.0,4780,1,0,1,0,0,0,1,0,1,6.16666666666666,35.0,1,1
90285903101.0,90285903,902859031,9,9,44,2,Mujer,1.0,2,No tiene discapacidad,1,1.0,0.0,0.0,0.0,1.0,0.0,36.0,0.0,3758,1,0,0,0,1,0,1,0,1,1.0,36.0,1,1
90285903102.0,90285903,902859031,9,9,16,1,Hombre,3.0,2,No tiene discapacidad,4,1.25,0.0,0.0,0.0,1.25,0.0,0.0,0.0,3838,1,0,0,0,1,0,0,0,1,1.25,0.0,0,0
90285905101.0,90285905,902859051,9,9,51,2,Mujer,2.0,2,No tiene discapacidad,1,29.5,21.5,0.0,0.0,0.0,8.0,57.0,0.0,3782,1,1,0,0,0,1,1,0,1,29.5,57.0,1,1
90285905102.0,90285905,902859051,9,9,73,2,Mujer,2.0,2,No tiene discapacidad,5,7.0,7.0,0.0,0.0,0.0,0.0,0.0,0.0,3814,1,1,0,0,0,0,0,0,1,7.0,0.0,0,0
90285905103.0,90285905,902859051,9,9,27,1,Hombre,4.0,1,Sí tiene discapacidad,6,15.0,0.0,0.0,0.0,7.0,8.0,0.0,0.0,3847,1,0,0,0,1,1,0,0,1,15.0,0.0,0,0
90652203102.0,90652203,906522031,9,9,51,2,Mujer,3.0,2,No tiene discapacidad,1,2.0,0.0,0.0,0.0,2.0,0.0,52.0,0.0,4803,1,0,0,0,1,0,1,0,1,2.0,52.0,1,1
90652203103.0,90652203,906522031,9,9,23,2,Mujer,3.0,2,No tiene discapacidad,1,10.0,0.0,0.0,0.0,10.0,0.0,45.0,0.0,4862,1,0,0,0,1,0,1,0,1,10.0,45.0,1,1
90652204101.0,90652204,906522041,9,9,34,2,Mujer,2.0,2,No tiene discapacidad,1,3.0,0.0,0.0,0.0,3.0,0.0,53.0,0.0,4780,1,0,0,0,1,0,1,0,1,3.0,53.0,1,1
90652204102.0,90652204,906522041,9,9,16,1,Hombre,3.0,2,No tiene discapacidad,4,12.0,0.0,0.0,0.0,12.0,0.0,0.0,0.0,4875,1,0,0,0,1,0,0,0,1,12.0,0.0,0,0
91202302101.0,91202302,912023021,9,9,30,1,Hombre,3.0,2,No tiene discapacidad,1,11.0,0.0,0.0,0.0,11.0,0.0,48.0,0.0,4180,1,0,0,0,1,0,1,0,1,11.0,48.0,1,1
91202303102.0,91202303,912023031,9,9,33,2,Mujer,4.0,2,No tiene discapacidad,1,7.5,0.0,0.0,0.0,7.5,0.0,40.0,0.0,4062,1,0,0,0,1,0,1,0,1,7.5,40.0,1,1
91202303103.0,91202303,912023031,9,9,33,1,Hombre,4.0,2,No tiene discapacidad,1,7.0,0.0,0.0,0.0,7.0,0.0,51.0,0.0,4180,1,0,0,0,1,0,1,0,1,7.0,51.0,1,1
90652205102.0,90652205,906522051,9,9,54,1,Hombre,3.0,2,No tiene discapacidad,1,1.5,1.5,0.0,0.0,0.0,0.0,54.0,0.0,4849,1,1,0,0,0,0,1,0,1,1.5,54.0,1,1
90652205103.0,90652205,906522051,9,9,49,2,Mujer,2.0,2,No tiene discapacidad,5,6.5,6.5,0.0,0.0,0.0,0.0,0.0,0.0,4765,1,1,0,0,0,0,0,0,1,6.5,0.0,0,0
90652205104.0,90652205,906522051,9,9,23,1,Hombre,3.0,2,No tiene discapacidad,5,3.5,3.5,0.0,0.0,0.0,0.0,0.0,0.0,4913,1,1,0,0,0,0,0,0,1,3.5,0.0,0,0
90652205105.0,90652205,906522051,9,9,16,2,Mujer,3.0,2,No tiene discapacidad,4,1.5,1.5,0.0,0.0,0.0,0.0,0.0,0.0,4857,1,1,0,0,0,0,0,0,1,1.5,0.0,0,0
90666401101.0,90666401,906664011,9,9,84,1,Hombre,1.0,1,Sí tiene discapacidad,5,4.66666666666666,4.66666666666666,0.0,0.0,0.0,0.0,0.0,0.0,4665,1,1,0,0,0,0,0,0,1,4.66666666666666,0.0,0,0
90666401103.0,90666401,906664011,9,9,43,2,Mujer,3.0,1,Sí tiene discapacidad,1,3.0,3.0,0.0,0.0,0.0,0.0,35.0,0.0,4474,1,1,0,0,0,0,1,0,1,3.0,35.0,1,1
91207002101.0,91207002,912070021,9,9,45,2,Mujer,2.0,2,No tiene discapacidad,1,2.25,0.0,0.0,0.0,2.25,0.0,40.0,0.0,3013,1,0,0,0,1,0,1,0,1,2.25,40.0,1,1
91207003101.0,91207003,912070031,9,9,83,2,Mujer,3.0,1,Sí tiene discapacidad,3,13.0,0.0,0.0,0.0,7.5,5.5,0.0,0.0,3140,1,0,0,0,1,1,0,0,1,13.0,0.0,0,0
91207003102.0,91207003,912070031,9,9,63,2,Mujer,5.0,2,No tiene discapacidad,1,8.0,1.0,0.0,0.0,7.0,0.0,40.0,0.0,3014,1,1,0,0,1,0,1,0,1,8.0,40.0,1,1
90666402101.0,90666402,906664021,9,9,72,1,Hombre,2.0,2,No tiene discapacidad,1,0.5,0.0,0.0,0.0,0.0,0.5,66.0,0.0,4484,1,0,0,0,0,1,1,0,1,0.5,66.0,1,1
90666402102.0,90666402,906664021,9,9,69,2,Mujer,2.0,2,No tiene discapacidad,5,7.0,0.0,0.0,0.0,0.0,7.0,0.0,0.0,4506,1,0,0,0,0,1,0,0,1,7.0,0.0,0,0
90666403102.0,90666403,906664031,9,9,65,2,Mujer,2.0,2,No tiene discapacidad,1,5.16666666666666,1.66666666666666,0.0,0.0,0.0,3.5,15.0,0.0,4506,1,1,0,0,0,1,1,0,1,5.16666666666666,15.0,1,1
90666404101.0,90666404,906664041,9,9,45,2,Mujer,2.0,2,No tiene discapacidad,1,7.0,0.0,0.0,7.0,0.0,0.0,48.0,0.0,4467,1,0,0,1,0,0,1,0,1,7.0,48.0,1,1
90642202101.0,90642202,906422021,9,9,56,1,Hombre,3.0,2,No tiene discapacidad,1,7.5,0.0,0.0,0.0,7.5,0.0,60.0,0.0,3334,1,0,0,0,1,0,1,0,1,7.5,60.0,1,1
90642202102.0,90642202,906422021,9,9,55,2,Mujer,3.0,2,No tiene discapacidad,5,5.0,0.0,0.0,0.0,5.0,0.0,0.0,0.0,3241,1,0,0,0,1,0,0,0,1,5.0,0.0,0,0
91207003103.0,91207003,912070031,9,9,64,1,Hombre,5.0,2,No tiene discapacidad,3,1.0,0.0,0.0,0.0,0.0,1.0,0.0,0.0,3044,1,0,0,0,0,1,0,0,1,1.0,0.0,0,0
91207003105.0,91207003,912070031,9,9,59,2,Mujer,4.0,2,No tiene discapacidad,5,3.5,3.5,0.0,0.0,0.0,0.0,0.0,0.0,2988,1,1,0,0,0,0,0,0,1,3.5,0.0,0,0
91207004102.0,91207004,912070041,9,9,51,2,Mujer,2.0,2,No tiene discapacidad,1,12.0,0.0,0.0,0.0,12.0,0.0,60.0,0.0,3037,1,0,0,0,1,0,1,0,1,12.0,60.0,1,1
91207004103.0,91207004,912070041,9,9,21,1,Hombre,3.0,2,No tiene discapacidad,1,12.0,0.0,0.0,0.0,12.0,0.0,60.0,0.0,3106,1,0,0,0,1,0,1,0,1,12.0,60.0,1,1
91207005101.0,91207005,912070051,9,9,28,1,Hombre,3.0,2,No tiene discapacidad,1,14.0,0.0,0.0,0.0,14.0,0.0,48.0,0.0,3090,1,0,0,0,1,0,1,0,1,14.0,48.0,1,1
90671401102.0,90671401,906714011,9,9,31,2,Mujer,2.0,2,No tiene discapacidad,5,14.33333333333333,0.0,0.0,14.33333333333333,0.0,0.0,0.0,0.0,4608,1,0,0,1,0,0,0,0,1,14.33333333333333,0.0,0,0
90671401103.0,90671401,906714011,9,9,21,2,Mujer,3.0,2,No tiene discapacidad,1,12.0,0.0,0.0,6.0,6.0,0.0,48.0,0.0,4687,1,0,0,1,1,0,1,0,1,12.0,48.0,1,1
90671401104.0,90671401,906714011,9,9,17,1,Hombre,3.0,2,No tiene discapacidad,4,4.0,0.0,0.0,2.0,2.0,0.0,0.0,0.0,4699,1,0,0,1,1,0,0,0,1,4.0,0.0,0,0
90288302101.0,90288302,902883021,9,9,72,1,Hombre,2.0,2,No tiene discapacidad,3,2.0,0.0,0.0,0.0,0.0,2.0,0.0,0.0,3526,1,0,0,0,0,1,0,0,1,2.0,0.0,0,0
90288303101.0,90288303,902883031,9,9,55,1,Hombre,4.0,2,No tiene discapacidad,1,2.0,0.0,0.0,0.0,2.0,0.0,42.0,0.0,3584,1,0,0,0,1,0,1,0,1,2.0,42.0,1,1
91207005103.0,91207005,912070051,9,9,26,2,Mujer,3.0,2,No tiene discapacidad,5,13.66666666666666,8.66666666666666,0.0,0.0,5.0,0.0,0.0,0.0,3038,1,1,0,0,1,0,0,0,1,13.66666666666666,0.0,0,0
91216301101.0,91216301,912163011,9,9,33,2,Mujer,2.0,2,No tiene discapacidad,5,12.75,0.0,0.0,2.25,10.5,0.0,0.0,0.0,4988,1,0,0,1,1,0,0,0,1,12.75,0.0,0,0
91216301102.0,91216301,912163011,9,9,49,1,Hombre,2.0,2,No tiene discapacidad,1,14.0,0.0,0.0,6.0,8.0,0.0,46.0,0.0,5084,1,0,0,1,1,0,1,0,1,14.0,46.0,1,1
91216301103.0,91216301,912163011,9,9,15,2,Mujer,2.0,2,No tiene discapacidad,4,2.83333333333333,0.0,0.0,1.83333333333333,1.0,0.0,0.0,0.0,5068,1,0,0,1,1,0,0,0,1,2.83333333333333,0.0,0,0
90288303102.0,90288303,902883031,9,9,54,2,Mujer,4.0,2,No tiene discapacidad,1,1.0,0.0,0.0,0.0,1.0,0.0,20.0,0.0,3540,1,0,0,0,1,0,1,0,1,1.0,20.0,1,1
90288304102.0,90288304,902883041,9,9,61,1,Hombre,5.0,2,No tiene discapacidad,1,4.5,0.0,0.0,0.0,1.5,3.0,40.0,0.0,3548,1,0,0,0,1,1,1,0,1,4.5,40.0,1,1
90288305101.0,90288305,902883051,9,9,44,1,Hombre,3.0,2,No tiene discapacidad,1,21.66666666666666,0.0,0.0,18.16666666666666,3.5,0.0,45.0,0.0,3636,1,0,0,1,1,0,1,0,1,21.66666666666666,45.0,1,1
91216305101.0,91216305,912163051,9,9,57,2,Mujer,3.0,2,No tiene discapacidad,1,3.0,0.0,0.0,0.0,3.0,0.0,52.0,0.0,4932,1,0,0,0,1,0,1,0,1,3.0,52.0,1,1
91216305102.0,91216305,912163051,9,9,31,1,Hombre,3.0,2,No tiene discapacidad,2,3.33333333333333,0.0,0.0,0.0,3.33333333333333,0.0,0.0,14.0,5133,1,0,0,0,1,0,0,1,1,3.33333333333333,0.0,0,0
91429102101.0,91429102,914291021,9,9,80,1,Hombre,2.0,2,No tiene discapacidad,3,10.5,0.0,0.0,0.0,0.0,10.5,0.0,0.0,2857,1,0,0,0,0,1,0,0,1,10.5,0.0,0,0
90288305102.0,90288305,902883051,9,9,39,2,Mujer,2.0,2,No tiene discapacidad,1,10.5,0.0,0.0,7.0,3.5,0.0,40.0,0.0,3519,1,0,0,1,1,0,1,0,1,10.5,40.0,1,1
90288305103.0,90288305,902883051,9,9,20,1,Hombre,4.0,2,No tiene discapacidad,4,3.5,0.0,0.0,2.5,1.0,0.0,0.0,0.0,3622,1,0,0,1,1,0,0,0,1,3.5,0.0,0,0
90288305104.0,90288305,902883051,9,9,16,1,Hombre,2.0,2,No tiene discapacidad,4,0.16666666666666,0.0,0.0,0.0,0.16666666666666,0.0,0.0,0.0,3593,1,0,0,0,1,0,0,0,1,0.16666666666666,0.0,0,0
90295601101.0,90295601,902956011,9,9,68,2,Mujer,3.0,2,No tiene discapacidad,3,10.0,0.0,0.0,0.0,0.0,10.0,0.0,0.0,4274,1,0,0,0,0,1,0,0,1,10.0,0.0,0,0
90295601102.0,90295601,902956011,9,9,67,2,Mujer,3.0,2,No tiene discapacidad,3,5.0,0.0,0.0,0.0,0.0,5.0,0.0,0.0,4274,1,0,0,0,0,1,0,0,1,5.0,0.0,0,0
90295603101.0,90295603,902956031,9,9,41,1,Hombre,3.0,2,No tiene discapacidad,1,1.0,0.0,0.0,0.0,1.0,0.0,70.0,0.0,4385,1,0,0,0,1,0,1,0,1,1.0,70.0,1,1
91429103103.0,91429103,914291031,9,9,42,1,Hombre,3.0,2,No tiene discapacidad,1,3.0,0.0,0.0,0.0,3.0,0.0,15.0,0.0,2832,1,0,0,0,1,0,1,0,1,3.0,15.0,1,1
91466001101.0,91466001,914660011,9,9,66,2,Mujer,2.0,2,No tiene discapacidad,1,1.0,0.0,1.0,0.0,0.0,0.0,30.0,0.0,3930,1,0,1,0,0,0,1,0,1,1.0,30.0,1,1
90295603102.0,90295603,902956031,9,9,52,2,Mujer,4.0,2,No tiene discapacidad,1,3.0,0.0,0.0,0.0,3.0,0.0,48.0,0.0,4270,1,0,0,0,1,0,1,0,1,3.0,48.0,1,1
90295604101.0,90295604,902956041,9,9,51,2,Mujer,3.0,2,No tiene discapacidad,1,3.0,0.0,0.0,0.0,3.0,0.0,45.0,0.0,4270,1,0,0,0,1,0,1,0,1,3.0,45.0,1,1
90295604102.0,90295604,902956041,9,9,22,2,Mujer,4.0,2,No tiene discapacidad,1,5.0,0.0,0.0,0.0,5.0,0.0,40.0,0.0,4322,1,0,0,0,1,0,1,0,1,5.0,40.0,1,1
90295605101.0,90295605,902956051,9,9,53,2,Mujer,2.0,2,No tiene discapacidad,1,11.0,0.0,0.0,5.0,2.0,4.0,48.0,0.0,4270,1,0,0,1,1,1,1,0,1,11.0,48.0,1,1
90295605102.0,90295605,902956051,9,9,73,1,Hombre,4.0,2,No tiene discapacidad,3,17.0,0.0,0.0,13.0,4.0,0.0,0.0,0.0,4252,1,0,0,1,1,0,0,0,1,17.0,0.0,0,0
90295605103.0,90295605,902956051,9,9,19,1,Hombre,3.0,2,No tiene discapacidad,4,38.49999999999999,0.0,0.0,5.0,1.83333333333333,31.66666666666666,0.0,0.0,4333,1,0,0,1,1,1,0,0,1,38.49999999999999,0.0,0,0
91466001102.0,91466001,914660011,9,9,36,2,Mujer,2.0,2,No tiene discapacidad,1,1.66666666666666,0.0,1.66666666666666,0.0,0.0,0.0,40.0,0.0,3902,1,0,1,0,0,0,1,0,1,1.66666666666666,40.0,1,1
91466001103.0,91466001,914660011,9,9,34,2,Mujer,4.0,2,No tiene discapacidad,1,38.5,0.0,29.5,0.0,9.0,0.0,3.0,0.0,3907,1,0,1,0,1,0,1,0,1,38.5,3.0,1,1
91466002101.0,91466002,914660021,9,9,46,2,Mujer,2.0,2,No tiene discapacidad,1,4.0,0.0,0.0,4.0,0.0,0.0,54.0,0.0,3895,1,0,0,1,0,0,1,0,1,4.0,54.0,1,1
90306101101.0,90306101,903061011,9,9,62,2,Mujer,2.0,2,No tiene discapacidad,3,21.0,0.0,0.0,0.0,21.0,0.0,0.0,0.0,5118,1,0,0,0,1,0,0,0,1,21.0,0.0,0,0
90306101102.0,90306101,903061011,9,9,38,2,Mujer,4.0,2,No tiene discapacidad,1,6.0,0.0,0.0,0.0,3.0,3.0,55.0,0.0,5125,1,0,0,0,1,1,1,0,1,6.0,55.0,1,1
90306101103.0,90306101,903061011,9,9,20,1,Hombre,4.0,2,No tiene discapacidad,4,5.41666666666666,0.0,0.0,0.0,3.0,2.41666666666666,0.0,0.0,5275,1,0,0,0,1,1,0,0,1,5.41666666666666,0.0,0,0
90306102102.0,90306102,903061021,9,9,70,2,Mujer,2.0,2,No tiene discapacidad,1,4.5,0.0,0.0,0.0,1.5,3.0,40.0,0.0,5201,1,0,0,0,1,1,1,0,1,4.5,40.0,1,1
90306102103.0,90306102,903061021,9,9,59,2,Mujer,2.0,2,No tiene discapacidad,1,5.0,0.0,0.0,0.0,5.0,0.0,40.0,0.0,5074,1,0,0,0,1,0,1,0,1,5.0,40.0,1,1
90306102104.0,90306102,903061021,9,9,25,1,Hombre,5.0,2,No tiene discapacidad,4,0.5,0.0,0.0,0.0,0.5,0.0,0.0,0.0,5246,1,0,0,0,1,0,0,0,1,0.5,0.0,0,0
91466004101.0,91466004,914660041,9,9,52,2,Mujer,3.0,2,No tiene discapacidad,1,0.33333333333333,0.0,0.0,0.0,0.33333333333333,0.0,50.0,0.0,3926,1,0,0,0,1,0,1,0,1,0.33333333333333,50.0,1,1
91466004103.0,91466004,914660041,9,9,21,2,Mujer,4.0,2,No tiene discapacidad,1,2.0,0.0,0.0,0.0,2.0,0.0,76.0,0.0,3975,1,0,0,0,1,0,1,0,1,2.0,76.0,1,1
91225801102.0,91225801,912258011,9,9,52,1,Hombre,3.0,2,No tiene discapacidad,1,0.5,0.0,0.0,0.0,0.0,0.5,66.0,0.0,4005,1,0,0,0,0,1,1,0,1,0.5,66.0,1,1
91225802101.0,91225802,912258021,9,9,56,1,Hombre,4.0,2,No tiene discapacidad,3,2.5,0.0,0.0,0.0,2.5,0.0,0.0,0.0,4016,1,0,0,0,1,0,0,0,1,2.5,0.0,0,0
91225802102.0,91225802,912258021,9,9,56,2,Mujer,4.0,2,No tiene discapacidad,3,3.5,0.0,0.0,0.0,3.5,0.0,0.0,0.0,3904,1,0,0,0,1,0,0,0,1,3.5,0.0,0,0
91225802103.0,91225802,912258021,9,9,22,1,Hombre,4.0,2,No tiene discapacidad,4,0.25,0.0,0.0,0.0,0.25,0.0,0.0,0.0,4058,1,0,0,0,1,0,0,0,1,0.25,0.0,0,0
91491502101.0,91491502,914915021,9,9,39,2,Mujer,5.0,2,No tiene discapacidad,1,6.66666666666666,0.0,0.0,6.66666666666666,0.0,0.0,20.0,0.0,3946,1,0,0,1,0,0,1,0,1,6.66666666666666,20.0,1,1
91491505101.0,91491505,914915051,9,9,36,1,Hombre,2.0,2,No tiene discapacidad,1,10.0,0.0,0.0,5.0,5.0,0.0,58.0,0.0,4003,1,0,0,1,1,0,1,0,1,10.0,58.0,1,1
91225803101.0,91225803,912258031,9,9,72,2,Mujer,1.0,2,No tiene discapacidad,5,6.66666666666666,0.0,1.66666666666666,5.0,0.0,0.0,0.0,0.0,4001,1,0,1,1,0,0,0,0,1,6.66666666666666,0.0,0,0
91225803102.0,91225803,912258031,9,9,28,1,Hombre,2.0,2,No tiene discapacidad,1,10.33333333333333,0.0,4.5,5.75,0.08333333333333,0.0,40.0,0.0,4036,1,0,1,1,1,0,1,0,1,10.33333333333333,40.0,1,1
91225803103.0,91225803,912258031,9,9,25,1,Hombre,4.0,2,No tiene discapacidad,1,0.33333333333333,0.0,0.0,0.0,0.0,0.33333333333333,54.0,0.0,4036,1,0,0,0,0,1,1,0,1,0.33333333333333,54.0,1,1
91225803104.0,91225803,912258031,9,9,33,2,Mujer,3.0,2,No tiene discapacidad,5,2.0,0.0,0.0,0.0,0.0,2.0,0.0,0.0,3948,1,0,0,0,0,1,0,0,1,2.0,0.0,0,0
91225803105.0,91225803,912258031,9,9,25,2,Mujer,2.0,2,No tiene discapacidad,5,24.58333333333333,0.0,13.66666666666666,10.83333333333333,0.0,0.08333333333333,0.0,0.0,3969,1,0,1,1,0,1,0,0,1,24.58333333333333,0.0,0,0
91225803108.0,91225803,912258031,9,9,50,2,Mujer,2.0,2,No tiene discapacidad,1,4.5,0.0,3.5,1.0,0.0,0.0,48.0,0.0,3967,1,0,1,1,0,0,1,0,1,4.5,48.0,1,1
91225804101.0,91225804,912258041,9,9,56,1,Hombre,3.0,2,No tiene discapacidad,1,3.91666666666666,0.0,3.91666666666666,0.0,0.0,0.0,60.0,0.0,4016,1,0,1,0,0,0,1,0,1,3.91666666666666,60.0,1,1
90635803102.0,90635803,906358031,9,9,56,2,Mujer,2.0,2,No tiene discapacidad,5,16.0,0.0,0.0,2.0,14.0,0.0,0.0,0.0,3626,1,0,0,1,1,0,0,0,1,16.0,0.0,0,0
90635803103.0,90635803,906358031,9,9,33,2,Mujer,3.0,2,No tiene discapacidad,5,4.16666666666666,0.0,0.0,4.16666666666666,0.0,0.0,0.0,0.0,3667,1,0,0,1,0,0,0,0,1,4.16666666666666,0.0,0,0
91225804102.0,91225804,912258041,9,9,54,2,Mujer,2.0,2,No tiene discapacidad,1,4.66666666666666,0.0,3.66666666666666,0.0,1.0,0.0,50.0,0.0,3967,1,0,1,0,1,0,1,0,1,4.66666666666666,50.0,1,1
91225804103.0,91225804,912258041,9,9,22,1,Hombre,3.0,2,No tiene discapacidad,2,16.0,0.0,13.5,0.0,2.5,0.0,0.0,4.0,4058,1,0,1,0,1,0,0,1,1,16.0,0.0,0,0
91225804104.0,91225804,912258041,9,9,28,2,Mujer,3.0,2,No tiene discapacidad,5,24.33333333333333,0.0,17.83333333333333,0.0,6.5,0.0,0.0,0.0,3969,1,0,1,0,1,0,0,0,1,24.33333333333333,0.0,0,0
91230801103.0,91230801,912308011,9,9,25,1,Hombre,4.0,2,No tiene discapacidad,1,0.5,0.0,0.0,0.0,0.5,0.0,40.0,0.0,3152,1,0,0,0,1,0,1,0,1,0.5,40.0,1,1
92109101102.0,92109101,921091011,9,9,40,1,Hombre,4.0,2,No tiene discapacidad,2,6.0,0.0,0.0,0.0,0.0,6.0,0.0,2.0,3819,1,0,0,0,0,1,0,1,1,6.0,0.0,0,0
92109102101.0,92109102,921091021,9,9,67,2,Mujer,3.0,2,No tiene discapacidad,5,4.66666666666666,0.0,0.0,4.66666666666666,0.0,0.0,0.0,0.0,3723,1,0,0,1,0,0,0,0,1,4.66666666666666,0.0,0,0
92109102103.0,92109102,921091021,9,9,40,2,Mujer,5.0,2,No tiene discapacidad,1,23.16666666666666,0.0,0.0,21.16666666666666,0.0,2.0,20.0,0.0,3696,1,0,0,1,0,1,1,0,1,23.16666666666666,20.0,1,1
92110701101.0,92110701,921107011,9,9,34,2,Mujer,4.0,2,No tiene discapacidad,1,15.16666666666666,0.0,0.0,15.16666666666666,0.0,0.0,67.0,0.0,4988,1,0,0,1,0,0,1,0,1,15.16666666666666,67.0,1,1
92110702101.0,92110702,921107021,9,9,36,1,Hombre,4.0,2,No tiene discapacidad,1,14.0,0.0,0.0,11.0,3.0,0.0,40.0,0.0,5054,1,0,0,1,1,0,1,0,1,14.0,40.0,1,1
92110702102.0,92110702,921107021,9,9,35,2,Mujer,3.0,2,No tiene discapacidad,1,6.75,0.0,0.0,6.75,0.0,0.0,40.0,0.0,4982,1,0,0,1,0,0,1,0,1,6.75,40.0,1,1
92120802101.0,92120802,921208021,9,9,59,1,Hombre,4.0,2,No tiene discapacidad,1,2.5,0.0,0.0,0.0,2.5,0.0,38.0,0.0,4011,1,0,0,0,1,0,1,0,1,2.5,38.0,1,1
92120802103.0,92120802,921208021,9,9,27,2,Mujer,4.0,2,No tiene discapacidad,1,1.08333333333333,0.0,0.0,0.0,0.75,0.33333333333333,47.0,0.0,3964,1,0,0,0,1,1,1,0,1,1.08333333333333,47.0,1,1
92120802104.0,92120802,921208021,9,9,28,1,Hombre,4.0,2,No tiene discapacidad,1,3.0,0.0,0.0,0.0,2.0,1.0,48.0,0.0,4031,1,0,0,0,1,1,1,0,1,3.0,48.0,1,1
92120804103.0,92120804,921208041,9,9,40,1,Hombre,5.0,2,No tiene discapacidad,1,24.0,14.0,0.0,10.0,0.0,0.0,40.0,0.0,4069,1,1,0,1,0,0,1,0,1,24.0,40.0,1,1
92120805102.0,92120805,921208051,9,9,66,1,Hombre,4.0,2,No tiene discapacidad,1,1.5,0.0,0.0,0.0,0.0,1.5,40.0,0.0,3965,1,0,0,0,0,1,1,0,1,1.5,40.0,1,1
92123501101.0,92123501,921235011,9,9,70,2,Mujer,4.0,2,No tiene discapacidad,3,2.0,0.0,0.0,0.0,2.0,0.0,0.0,0.0,4437,1,0,0,0,1,0,0,0,1,2.0,0.0,0,0
92104102102.0,92104102,921041021,9,9,76,2,Mujer,2.0,2,No tiene discapacidad,5,2.5,0.0,0.0,0.0,0.0,2.5,0.0,0.0,4226,1,0,0,0,0,1,0,0,1,2.5,0.0,0,0
92109101101.0,92109101,921091011,9,9,70,2,Mujer,4.0,2,No tiene discapacidad,1,1.0,0.0,0.0,0.0,1.0,0.0,6.0,0.0,3751,1,0,0,0,1,0,1,0,1,1.0,6.0,1,1
92251401101.0,92251401,922514011,9,9,36,1,Hombre,5.0,2,No tiene discapacidad,1,10.0,0.0,0.0,0.0,10.0,0.0,46.0,0.0,3995,1,0,0,0,1,0,1,0,1,10.0,46.0,1,1
92251401102.0,92251401,922514011,9,9,41,2,Mujer,5.0,2,No tiene discapacidad,5,7.0,0.0,0.0,0.0,7.0,0.0,0.0,0.0,3937,1,0,0,0,1,0,0,0,1,7.0,0.0,0,0
92331102102.0,92331102,923311021,9,9,33,2,Mujer,3.0,2,No tiene discapacidad,1,33.83333333333333,0.0,26.83333333333333,7.0,0.0,0.0,35.0,0.0,4130,1,0,1,1,0,0,1,0,1,33.83333333333333,35.0,1,1
92331103101.0,92331103,923311031,9,9,28,1,Hombre,4.0,2,No tiene discapacidad,1,25.0,0.0,7.0,8.0,10.0,0.0,40.0,0.0,4222,1,0,1,1,1,0,1,0,1,25.0,40.0,1,1
92331103102.0,92331103,923311031,9,9,30,2,Mujer,3.0,2,No tiene discapacidad,1,52.0,0.0,42.0,10.0,0.0,0.0,40.0,0.0,4130,1,0,1,1,0,0,1,0,1,52.0,40.0,1,1
92331104102.0,92331104,923311041,9,9,76,2,Mujer,2.0,2,No tiene discapacidad,4,2.75,2.75,0.0,0.0,0.0,0.0,0.0,0.0,4187,1,1,0,0,0,0,0,0,1,2.75,0.0,0,0
92331104103.0,92331104,923311041,9,9,53,1,Hombre,4.0,2,No tiene discapacidad,1,8.33333333333333,2.33333333333333,0.0,0.0,1.0,5.0,58.0,0.0,4190,1,1,0,0,1,1,1,0,1,8.33333333333333,58.0,1,1
92331104104.0,92331104,923311041,9,9,47,2,Mujer,3.0,2,No tiene discapacidad,1,11.83333333333333,3.83333333333333,0.0,0.0,8.0,0.0,48.0,0.0,4117,1,1,0,0,1,0,1,0,1,11.83333333333333,48.0,1,1
92331104105.0,92331104,923311041,9,9,26,2,Mujer,3.0,2,No tiene discapacidad,1,14.0,0.0,0.0,0.0,8.0,6.0,48.0,0.0,4152,1,0,0,0,1,1,1,0,1,14.0,48.0,1,1
92331105101.0,92331105,923311051,9,9,52,2,Mujer,2.0,2,No tiene discapacidad,1,4.0,0.0,0.0,0.0,4.0,0.0,63.0,0.0,4150,1,0,0,0,1,0,1,0,1,4.0,63.0,1,1
92331105103.0,92331105,923311051,9,9,27,2,Mujer,3.0,2,No tiene discapacidad,1,5.0,0.0,0.0,0.0,5.0,0.0,48.0,0.0,4152,1,0,0,0,1,0,1,0,1,5.0,48.0,1,1
96002001101.0,96002001,960020011,9,9,36,1,Hombre,4.0,2,No tiene discapacidad,1,0.5,0.0,0.0,0.5,0.0,0.0,50.0,0.0,1066,1,0,0,1,0,0,1,0,1,0.5,50.0,1,1
96002001102.0,96002001,960020011,9,9,35,2,Mujer,4.0,2,No tiene discapacidad,1,17.83333333333333,0.0,0.0,17.83333333333333,0.0,0.0,30.0,0.0,1050,1,0,0,1,0,0,1,0,1,17.83333333333333,30.0,1,1
92123501102.0,92123501,921235011,9,9,41,1,Hombre,3.0,2,No tiene discapacidad,2,6.0,0.0,0.0,0.0,0.0,6.0,0.0,8.0,4518,1,0,0,0,0,1,0,1,1,6.0,0.0,0,0
92123502102.0,92123502,921235021,9,9,55,2,Mujer,2.0,2,No tiene discapacidad,5,3.5,0.0,0.0,0.0,3.5,0.0,0.0,0.0,4329,1,0,0,0,1,0,0,0,1,3.5,0.0,0,0
92123502103.0,92123502,921235021,9,9,19,2,Mujer,3.0,2,No tiene discapacidad,4,1.5,0.0,0.0,0.0,1.5,0.0,0.0,0.0,4449,1,0,0,0,1,0,0,0,1,1.5,0.0,0,0
92123503101.0,92123503,921235031,9,9,58,1,Hombre,4.0,2,No tiene discapacidad,1,10.0,0.0,0.0,0.0,10.0,0.0,60.0,0.0,4453,1,0,0,0,1,0,1,0,1,10.0,60.0,1,1
92123503102.0,92123503,921235031,9,9,25,2,Mujer,3.0,2,No tiene discapacidad,1,3.5,0.0,0.0,0.0,3.5,0.0,47.5,0.0,4401,1,0,0,0,1,0,1,0,1,3.5,47.5,1,1
92123503103.0,92123503,921235031,9,9,21,1,Hombre,3.0,2,No tiene discapacidad,1,8.0,0.0,0.0,0.0,8.0,0.0,0.0,0.0,4500,1,0,0,0,1,0,0,0,1,8.0,0.0,0,0
96002002101.0,96002002,960020021,9,9,24,2,Mujer,3.0,2,No tiene discapacidad,1,22.33333333333333,0.0,0.0,22.33333333333333,0.0,0.0,40.0,0.0,1070,1,0,0,1,0,0,1,0,1,22.33333333333333,40.0,1,1
96002003101.0,96002003,960020031,9,9,47,1,Hombre,2.0,2,No tiene discapacidad,1,17.66666666666666,0.0,0.0,4.66666666666666,13.0,0.0,70.0,0.0,1072,1,0,0,1,1,0,1,0,1,17.66666666666666,70.0,1,1
96002003102.0,96002003,960020031,9,9,44,2,Mujer,2.0,2,No tiene discapacidad,5,55.5,0.0,0.0,48.5,7.0,0.0,0.0,0.0,1050,1,0,0,1,1,0,0,0,1,55.5,0.0,0,0
96002003103.0,96002003,960020031,9,9,21,1,Hombre,2.0,2,No tiene discapacidad,1,7.0,0.0,0.0,6.0,1.0,0.0,78.0,0.0,1081,1,0,0,1,1,0,1,0,1,7.0,78.0,1,1
96002003104.0,96002003,960020031,9,9,16,1,Hombre,2.0,2,No tiene discapacidad,1,0.16666666666666,0.0,0.0,0.0,0.16666666666666,0.0,15.0,0.0,1073,1,0,0,0,1,0,1,0,1,0.16666666666666,15.0,1,1
96002004101.0,96002004,960020041,9,9,66,1,Hombre,1.0,2,No tiene discapacidad,1,11.33333333333333,11.33333333333333,0.0,0.0,0.0,0.0,46.0,0.0,1058,1,1,0,0,0,0,1,0,1,11.33333333333333,46.0,1,1
92123503104.0,92123503,921235031,9,9,52,2,Mujer,4.0,2,No tiene discapacidad,5,21.0,0.0,0.0,0.0,21.0,0.0,0.0,0.0,4399,1,0,0,0,1,0,0,0,1,21.0,0.0,0,0
92123504101.0,92123504,921235041,9,9,39,2,Mujer,3.0,2,No tiene discapacidad,1,7.91666666666666,0.0,0.0,7.91666666666666,0.0,0.0,15.0,0.0,4372,1,0,0,1,0,0,1,0,1,7.91666666666666,15.0,1,1
92123504102.0,92123504,921235041,9,9,20,1,Hombre,3.0,2,No tiene discapacidad,1,3.16666666666666,0.0,0.0,2.0,1.16666666666666,0.0,50.0,0.0,4500,1,0,0,1,1,0,1,0,1,3.16666666666666,50.0,1,1
92123504104.0,92123504,921235041,9,9,44,1,Hombre,2.0,2,No tiene discapacidad,1,0.83333333333333,0.0,0.0,0.83333333333333,0.0,0.0,46.66666666666666,0.0,4518,1,0,0,1,0,0,1,0,1,0.83333333333333,46.66666666666666,1,1
92123505101.0,92123505,921235051,9,9,77,2,Mujer,2.0,2,No tiene discapacidad,5,35.0,0.0,0.0,0.0,0.0,35.0,0.0,0.0,4438,1,0,0,0,0,1,0,0,1,35.0,0.0,0,0
92123505102.0,92123505,921235051,9,9,82,1,Hombre,2.0,2,No tiene discapacidad,3,21.5,0.0,0.0,0.0,0.0,21.5,0.0,0.0,4559,1,0,0,0,0,1,0,0,1,21.5,0.0,0,0
92132201101.0,92132201,921322011,9,9,36,1,Hombre,4.0,2,No tiene discapacidad,1,17.0,0.0,0.0,0.0,17.0,0.0,60.0,0.0,5683,1,0,0,0,1,0,1,0,1,17.0,60.0,1,1
96002004102.0,96002004,960020041,9,9,59,2,Mujer,1.0,2,No tiene discapacidad,1,7.0,0.0,0.0,0.0,0.0,7.0,0.0,0.0,1040,1,0,0,0,0,1,0,0,1,7.0,0.0,0,0
96002005101.0,96002005,960020051,9,9,27,1,Hombre,2.0,1,Sí tiene discapacidad,1,37.5,9.5,15.5,8.5,4.0,0.0,40.0,0.0,1075,1,1,1,1,1,0,1,0,1,37.5,40.0,1,1
96002005102.0,96002005,960020051,9,9,29,2,Mujer,2.0,2,No tiene discapacidad,5,98.88333333333333,26.41666666666666,46.0,15.96666666666666,10.5,0.0,0.0,0.0,1057,1,1,1,1,1,0,0,0,1,98.88333333333333,0.0,0,0
96002006101.0,96002006,960020061,9,9,61,1,Hombre,2.0,1,Sí tiene discapacidad,5,7.0,0.0,0.0,0.0,7.0,0.0,0.0,0.0,1059,1,0,0,0,1,0,0,0,1,7.0,0.0,0,0
96002006102.0,96002006,960020061,9,9,56,2,Mujer,2.0,1,Sí tiene discapacidad,5,15.0,0.0,0.0,0.0,1.5,13.5,0.0,0.0,1040,1,0,0,0,1,1,0,0,1,15.0,0.0,0,0
96002007101.0,96002007,960020071,9,9,20,1,Hombre,3.0,2,No tiene discapacidad,1,17.75,0.0,16.75,0.0,1.0,0.0,50.0,0.0,1081,1,0,1,0,1,0,1,0,1,17.75,50.0,1,1
92132201102.0,92132201,921322011,9,9,30,2,Mujer,4.0,2,No tiene discapacidad,1,7.0,0.0,0.0,0.0,7.0,0.0,0.0,0.0,5609,1,0,0,0,1,0,0,0,1,7.0,0.0,0,0
92132202101.0,92132202,921322021,9,9,63,1,Hombre,2.0,2,No tiene discapacidad,1,3.0,3.0,0.0,0.0,0.0,0.0,48.0,0.0,5649,1,1,0,0,0,0,1,0,1,3.0,48.0,1,1
92132202102.0,92132202,921322021,9,9,61,2,Mujer,4.0,2,No tiene discapacidad,5,14.41666666666666,14.41666666666666,0.0,0.0,0.0,0.0,0.0,0.0,5594,1,1,0,0,0,0,0,0,1,14.41666666666666,0.0,0,0
92132203101.0,92132203,921322031,9,9,66,1,Hombre,2.0,2,No tiene discapacidad,1,12.0,0.0,2.0,2.0,3.0,5.0,57.0,0.0,5640,1,0,1,1,1,1,1,0,1,12.0,57.0,1,1
92132203102.0,92132203,921322031,9,9,62,2,Mujer,3.0,2,No tiene discapacidad,1,1.0,0.0,0.5,0.5,0.0,0.0,36.0,0.0,5594,1,0,1,1,0,0,1,0,1,1.0,36.0,1,1
92132203103.0,92132203,921322031,9,9,37,1,Hombre,2.0,2,No tiene discapacidad,1,7.0,0.0,1.0,1.0,2.0,3.0,72.0,0.0,5683,1,0,1,1,1,1,1,0,1,7.0,72.0,1,1
92132203104.0,92132203,921322031,9,9,31,2,Mujer,4.0,2,No tiene discapacidad,1,110.71666666666664,0.0,47.66666666666666,44.05,5.0,14.0,0.0,0.0,5609,1,0,1,1,1,1,0,0,1,110.71666666666664,0.0,0,0
92132203105.0,92132203,921322031,9,9,29,2,Mujer,5.0,2,No tiene discapacidad,1,16.0,0.0,6.0,0.0,7.0,3.0,0.0,0.0,5639,1,0,1,0,1,1,0,0,1,16.0,0.0,0,0
92132203106.0,92132203,921322031,9,9,30,1,Hombre,2.0,2,No tiene discapacidad,1,38.66666666666666,0.0,24.66666666666666,0.0,7.0,7.0,48.0,0.0,5772,1,0,1,0,1,1,1,0,1,38.66666666666666,48.0,1,1
92132204101.0,92132204,921322041,9,9,76,1,Hombre,3.0,2,No tiene discapacidad,3,4.0,0.0,0.0,0.0,0.0,4.0,0.0,0.0,5784,1,0,0,0,0,1,0,0,1,4.0,0.0,0,0
92132204102.0,92132204,921322041,9,9,61,2,Mujer,4.0,2,No tiene discapacidad,5,31.0,0.0,0.0,0.0,5.0,26.0,0.0,0.0,5594,1,0,0,0,1,1,0,0,1,31.0,0.0,0,0
92132204103.0,92132204,921322041,9,9,29,1,Hombre,5.0,2,No tiene discapacidad,1,11.0,0.0,0.0,0.0,0.0,11.0,0.0,0.0,5734,1,0,0,0,0,1,0,0,1,11.0,0.0,0,0
92251404101.0,92251404,922514041,9,9,72,1,Hombre,4.0,2,No tiene discapacidad,3,25.0,0.0,0.0,13.0,9.0,3.0,0.0,0.0,3946,1,0,0,1,1,1,0,0,1,25.0,0.0,0,0
92251404102.0,92251404,922514041,9,9,76,2,Mujer,4.0,2,No tiene discapacidad,3,25.0,0.0,0.0,5.0,9.0,11.0,0.0,0.0,3997,1,0,0,1,1,1,0,0,1,25.0,0.0,0,0
92251404103.0,92251404,922514041,9,9,42,2,Mujer,4.0,2,No tiene discapacidad,1,5.0,0.0,0.0,2.5,0.0,2.5,40.0,0.0,3937,1,0,0,1,0,1,1,0,1,5.0,40.0,1,1
92271501101.0,92271501,922715011,9,9,47,2,Mujer,4.0,2,No tiene discapacidad,1,2.5,0.0,0.0,2.5,0.0,0.0,40.0,0.0,4410,1,0,0,1,0,0,1,0,1,2.5,40.0,1,1
92271502101.0,92271502,922715021,9,9,48,1,Hombre,2.0,2,No tiene discapacidad,1,0.58333333333333,0.0,0.0,0.58333333333333,0.0,0.0,48.0,0.0,4509,1,0,0,1,0,0,1,0,1,0.58333333333333,48.0,1,1
92271502102.0,92271502,922715021,9,9,43,2,Mujer,3.0,2,No tiene discapacidad,1,0.5,0.0,0.0,0.5,0.0,0.0,50.0,0.0,4417,1,0,0,1,0,0,1,0,1,0.5,50.0,1,1
92271503102.0,92271503,922715031,9,9,60,2,Mujer,2.0,2,No tiene discapacidad,5,2.0,0.0,0.0,0.0,2.0,0.0,0.0,0.0,4411,1,0,0,0,1,0,0,0,1,2.0,0.0,0,0
92271503103.0,92271503,922715031,9,9,18,2,Mujer,3.0,2,No tiene discapacidad,5,7.25,0.0,0.0,0.0,7.0,0.25,0.0,0.0,4495,1,0,0,0,1,1,0,0,1,7.25,0.0,0,0
92327801101.0,92327801,923278011,9,9,35,1,Hombre,4.0,2,No tiene discapacidad,1,28.83333333333333,0.0,15.83333333333333,0.0,13.0,0.0,60.0,0.0,4652,1,0,1,0,1,0,1,0,1,28.83333333333333,60.0,1,1
92327801102.0,92327801,923278011,9,9,33,2,Mujer,4.0,2,No tiene discapacidad,1,50.08333333333333,0.0,50.08333333333333,0.0,0.0,0.0,40.0,0.0,4591,1,0,1,0,0,0,1,0,1,50.08333333333333,40.0,1,1
92159803101.0,92159803,921598031,9,9,70,2,Mujer,2.0,1,Sí tiene discapacidad,5,3.5,0.0,0.0,0.0,3.5,0.0,0.0,0.0,4973,1,0,0,0,1,0,0,0,1,3.5,0.0,0,0
92159803102.0,92159803,921598031,9,9,23,2,Mujer,3.0,2,No tiene discapacidad,5,14.0,14.0,0.0,0.0,0.0,0.0,0.0,0.0,4992,1,1,0,0,0,0,0,0,1,14.0,0.0,0,0
92159804101.0,92159804,921598041,9,9,60,2,Mujer,3.0,2,No tiene discapacidad,5,6.0,0.0,0.0,0.0,6.0,0.0,0.0,0.0,4894,1,0,0,0,1,0,0,0,1,6.0,0.0,0,0
92159804102.0,92159804,921598041,9,9,29,2,Mujer,3.0,2,No tiene discapacidad,1,3.0,0.0,0.0,0.0,0.0,3.0,56.0,0.0,4933,1,0,0,0,0,1,1,0,1,3.0,56.0,1,1
92159805101.0,92159805,921598051,9,9,30,1,Hombre,2.0,2,No tiene discapacidad,1,9.41666666666666,0.0,7.08333333333333,0.0,2.33333333333333,0.0,56.0,0.0,5050,1,0,1,0,1,0,1,0,1,9.41666666666666,56.0,1,1
92327802102.0,92327802,923278021,9,9,56,2,Mujer,4.0,2,No tiene discapacidad,1,9.0,0.0,0.0,0.0,9.0,0.0,40.0,0.0,4540,1,0,0,0,1,0,1,0,1,9.0,40.0,1,1
92327802103.0,92327802,923278021,9,9,30,1,Hombre,4.0,2,No tiene discapacidad,1,7.0,0.0,0.0,0.0,7.0,0.0,40.0,0.0,4725,1,0,0,0,1,0,1,0,1,7.0,40.0,1,1
92327803101.0,92327803,923278031,9,9,42,1,Hombre,3.0,2,No tiene discapacidad,1,10.76666666666666,0.0,0.0,1.26666666666666,9.5,0.0,60.0,0.0,4738,1,0,0,1,1,0,1,0,1,10.76666666666666,60.0,1,1
92327803102.0,92327803,923278031,9,9,35,2,Mujer,3.0,2,No tiene discapacidad,5,15.0,0.0,0.0,6.0,9.0,0.0,0.0,0.0,4585,1,0,0,1,1,0,0,0,1,15.0,0.0,0,0
92327803103.0,92327803,923278031,9,9,19,2,Mujer,3.0,2,No tiene discapacidad,4,3.0,0.0,0.0,0.0,3.0,0.0,0.0,0.0,4665,1,0,0,0,1,0,0,0,1,3.0,0.0,0,0
92159805102.0,92159805,921598051,9,9,24,2,Mujer,2.0,2,No tiene discapacidad,5,14.0,0.0,14.0,0.0,0.0,0.0,0.0,0.0,4992,1,0,1,0,0,0,0,0,1,14.0,0.0,0,0
92166401101.0,92166401,921664011,9,9,39,1,Hombre,4.0,2,No tiene discapacidad,1,14.16666666666666,0.0,7.16666666666666,0.0,7.0,0.0,38.0,0.0,4584,1,0,1,0,1,0,1,0,1,14.16666666666666,38.0,1,1
92166401102.0,92166401,921664011,9,9,41,2,Mujer,3.0,2,No tiene discapacidad,5,46.5,0.0,46.5,0.0,0.0,0.0,0.0,0.0,4518,1,0,1,0,0,0,0,0,1,46.5,0.0,0,0
92166402101.0,92166402,921664021,9,9,41,1,Hombre,3.0,2,No tiene discapacidad,1,10.5,0.0,10.5,0.0,0.0,0.0,36.0,0.0,4669,1,0,1,0,0,0,1,0,1,10.5,36.0,1,1
92166402102.0,92166402,921664021,9,9,26,2,Mujer,3.0,2,No tiene discapacidad,5,32.0,0.0,32.0,0.0,0.0,0.0,0.0,0.0,4549,1,0,1,0,0,0,0,0,1,32.0,0.0,0,0
92166403101.0,92166403,921664031,9,9,71,1,Hombre,3.0,2,No tiene discapacidad,1,0.25,0.25,0.0,0.0,0.0,0.0,35.0,0.0,4528,1,1,0,0,0,0,1,0,1,0.25,35.0,1,1
92166403102.0,92166403,921664031,9,9,68,2,Mujer,3.0,2,No tiene discapacidad,1,6.66666666666666,6.66666666666666,0.0,0.0,0.0,0.0,25.0,0.0,4551,1,1,0,0,0,0,1,0,1,6.66666666666666,25.0,1,1
92327803104.0,92327803,923278031,9,9,15,2,Mujer,2.0,2,No tiene discapacidad,4,6.0,0.0,0.0,0.0,6.0,0.0,0.0,0.0,4665,1,0,0,0,1,0,0,0,1,6.0,0.0,0,0
92327804101.0,92327804,923278041,9,9,39,2,Mujer,4.0,2,No tiene discapacidad,1,10.5,0.0,10.5,0.0,0.0,0.0,40.0,0.0,4585,1,0,1,0,0,0,1,0,1,10.5,40.0,1,1
92327804102.0,92327804,923278041,9,9,41,1,Hombre,3.0,2,No tiene discapacidad,1,22.33333333333333,0.0,18.66666666666666,0.0,3.66666666666666,0.0,48.0,0.0,4738,1,0,1,0,1,0,1,0,1,22.33333333333333,48.0,1,1
92327805101.0,92327805,923278051,9,9,21,2,Mujer,4.0,2,No tiene discapacidad,4,5.0,0.0,0.0,0.0,5.0,0.0,0.0,0.0,4670,1,0,0,0,1,0,0,0,1,5.0,0.0,0,0
92327805102.0,92327805,923278051,9,9,20,2,Mujer,4.0,2,No tiene discapacidad,4,2.0,0.0,0.0,0.0,2.0,0.0,0.0,0.0,4670,1,0,0,0,1,0,0,0,1,2.0,0.0,0,0
92166403103.0,92166403,921664031,9,9,21,1,Hombre,3.0,2,No tiene discapacidad,6,2.5,1.5,0.0,0.0,0.0,1.0,0.0,0.0,4651,1,1,0,0,0,1,0,0,1,2.5,0.0,0,0
92166405103.0,92166405,921664051,9,9,52,1,Hombre,2.0,2,No tiene discapacidad,1,6.0,0.0,0.0,0.0,0.0,6.0,58.0,0.0,4590,1,0,0,0,0,1,1,0,1,6.0,58.0,1,1
92331101102.0,92331101,923311011,9,9,49,2,Mujer,3.0,2,No tiene discapacidad,1,34.0,0.0,0.0,34.0,0.0,0.0,60.0,0.0,4117,1,0,0,1,0,0,1,0,1,34.0,60.0,1,1
92188501101.0,92188501,921885011,9,9,39,1,Hombre,5.0,2,No tiene discapacidad,1,3.0,0.0,0.0,0.0,3.0,0.0,40.0,0.0,3784,1,0,0,0,1,0,1,0,1,3.0,40.0,1,1
92188503101.0,92188503,921885031,9,9,58,2,Mujer,4.0,2,No tiene discapacidad,5,2.5,0.0,0.0,0.0,2.5,0.0,0.0,0.0,3693,1,0,0,0,1,0,0,0,1,2.5,0.0,0,0
96004507102.0,96004507,960045071,9,9,50,2,Mujer,2.0,2,No tiene discapacidad,1,7.0,0.0,0.0,0.0,7.0,0.0,6.0,0.0,1469,1,0,0,0,1,0,1,0,1,7.0,6.0,1,1
96004507103.0,96004507,960045071,9,9,31,2,Mujer,4.0,2,No tiene discapacidad,1,3.0,0.0,0.0,0.0,3.0,0.0,70.0,0.0,1462,1,0,0,0,1,0,1,0,1,3.0,70.0,1,1
96004507104.0,96004507,960045071,9,9,25,1,Hombre,2.0,1,Sí tiene discapacidad,1,2.83333333333333,0.0,0.0,0.0,2.83333333333333,0.0,44.0,0.0,1495,1,0,0,0,1,0,1,0,1,2.83333333333333,44.0,1,1
96004509101.0,96004509,960045091,9,9,43,2,Mujer,3.0,2,No tiene discapacidad,5,1.0,0.0,0.0,1.0,0.0,0.0,0.0,0.0,1460,1,0,0,1,0,0,0,0,1,1.0,0.0,0,0
96004510101.0,96004510,960045101,9,9,44,2,Mujer,2.0,2,No tiene discapacidad,5,12.5,0.0,0.0,7.0,5.5,0.0,0.0,0.0,1460,1,0,0,1,1,0,0,0,1,12.5,0.0,0,0
96004510102.0,96004510,960045101,9,9,16,1,Hombre,2.0,2,No tiene discapacidad,5,1.16666666666666,0.0,0.0,0.0,1.16666666666666,0.0,0.0,0.0,1491,1,0,0,0,1,0,0,0,1,1.16666666666666,0.0,0,0
96002007102.0,96002007,960020071,9,9,19,2,Mujer,3.0,2,No tiene discapacidad,1,73.5,0.0,66.83333333333333,0.0,6.66666666666666,0.0,35.0,0.0,1069,1,0,1,0,1,0,1,0,1,73.5,35.0,1,1
96002008101.0,96002008,960020081,9,9,32,1,Hombre,1.0,2,No tiene discapacidad,1,17.0,0.0,0.0,5.0,12.0,0.0,54.0,0.0,1083,1,0,0,1,1,0,1,0,1,17.0,54.0,1,1
96002008102.0,96002008,960020081,9,9,42,2,Mujer,2.0,2,No tiene discapacidad,5,36.0,0.0,0.0,15.0,21.0,0.0,0.0,0.0,1050,1,0,0,1,1,0,0,0,1,36.0,0.0,0,0
96002009101.0,96002009,960020091,9,9,48,1,Hombre,3.0,2,No tiene discapacidad,1,7.0,0.0,0.0,0.0,7.0,0.0,48.0,0.0,1072,1,0,0,0,1,0,1,0,1,7.0,48.0,1,1
96002009102.0,96002009,960020091,9,9,44,2,Mujer,3.0,2,No tiene discapacidad,1,11.0,0.0,0.0,0.0,11.0,0.0,40.0,0.0,1050,1,0,0,0,1,0,1,0,1,11.0,40.0,1,1
96002009103.0,96002009,960020091,9,9,20,2,Mujer,4.0,2,No tiene discapacidad,4,1.16666666666666,0.0,0.0,0.0,1.16666666666666,0.0,0.0,0.0,1070,1,0,0,0,1,0,0,0,1,1.16666666666666,0.0,0,0
96002009104.0,96002009,960020091,9,9,17,2,Mujer,3.0,2,No tiene discapacidad,1,0.66666666666666,0.0,0.0,0.0,0.66666666666666,0.0,7.0,0.0,1069,1,0,0,0,1,0,1,0,1,0.66666666666666,7.0,1,1
96002010101.0,96002010,960020101,9,9,50,1,Hombre,2.0,2,No tiene discapacidad,1,11.0,0.0,8.5,0.0,2.5,0.0,88.0,0.0,1067,1,0,1,0,1,0,1,0,1,11.0,88.0,1,1
96002010102.0,96002010,960020101,9,9,48,2,Mujer,2.0,2,No tiene discapacidad,1,9.5,0.0,9.5,0.0,0.0,0.0,66.0,0.0,1049,1,0,1,0,0,0,1,0,1,9.5,66.0,1,1
96002010103.0,96002010,960020101,9,9,21,1,Hombre,2.0,1,Sí tiene discapacidad,1,25.58333333333333,0.0,25.58333333333333,0.0,0.0,0.0,30.0,0.0,1081,1,0,1,0,0,0,1,0,1,25.58333333333333,30.0,1,1
96002010104.0,96002010,960020101,9,9,23,2,Mujer,2.0,2,No tiene discapacidad,1,19.5,0.0,19.5,0.0,0.0,0.0,20.0,0.0,1070,1,0,1,0,0,0,1,0,1,19.5,20.0,1,1
96004501102.0,96004501,960045011,9,9,20,2,Mujer,2.0,2,No tiene discapacidad,1,22.5,0.0,22.5,0.0,0.0,0.0,44.0,0.0,1487,1,0,1,0,0,0,1,0,1,22.5,44.0,1,1
96004501103.0,96004501,960045011,9,9,15,1,Hombre,2.0,2,No tiene discapacidad,4,1.16666666666666,0.0,0.0,0.0,1.16666666666666,0.0,0.0,0.0,1491,1,0,0,0,1,0,0,0,1,1.16666666666666,0.0,0,0
96004502104.0,96004502,960045021,9,9,33,2,Mujer,3.0,2,No tiene discapacidad,1,3.0,0.0,0.0,0.0,3.0,0.0,54.0,0.0,1462,1,0,0,0,1,0,1,0,1,3.0,54.0,1,1
96004504101.0,96004504,960045041,9,9,50,1,Hombre,3.0,2,No tiene discapacidad,1,10.0,0.0,0.0,10.0,0.0,0.0,18.0,0.0,1483,1,0,0,1,0,0,1,0,1,10.0,18.0,1,1
96004504102.0,96004504,960045041,9,9,76,2,Mujer,1.0,1,Sí tiene discapacidad,5,30.0,0.0,0.0,7.0,3.0,20.0,0.0,0.0,1482,1,0,0,1,1,1,0,0,1,30.0,0.0,0,0
96004504103.0,96004504,960045041,9,9,79,1,Hombre,1.0,1,Sí tiene discapacidad,6,42.0,0.0,0.0,9.0,17.0,16.0,0.0,0.0,1508,1,0,0,1,1,1,0,0,1,42.0,0.0,0,0
96004505101.0,96004505,960045051,9,9,40,1,Hombre,2.0,2,No tiene discapacidad,1,21.58333333333333,0.0,4.83333333333333,4.75,8.5,3.5,56.0,0.0,1509,1,0,1,1,1,1,1,0,1,21.58333333333333,56.0,1,1
96004505102.0,96004505,960045051,9,9,33,2,Mujer,2.0,2,No tiene discapacidad,1,21.16666666666666,0.0,14.16666666666666,7.0,0.0,0.0,5.0,0.0,1462,1,0,1,1,0,0,1,0,1,21.16666666666666,5.0,1,1
96004505103.0,96004505,960045051,9,9,62,1,Hombre,2.0,2,No tiene discapacidad,2,2.33333333333333,0.0,0.0,0.0,0.0,2.33333333333333,0.0,14.0,1473,1,0,0,0,0,1,0,1,1,2.33333333333333,0.0,0,0
96004506101.0,96004506,960045061,9,9,55,2,Mujer,2.0,1,Sí tiene discapacidad,1,3.5,0.0,0.0,0.0,3.5,0.0,20.0,0.0,1446,1,0,0,0,1,0,1,0,1,3.5,20.0,1,1
96004506102.0,96004506,960045061,9,9,19,1,Hombre,3.0,2,No tiene discapacidad,1,1.58333333333333,0.0,0.0,0.0,1.58333333333333,0.0,70.0,0.0,1491,1,0,0,0,1,0,1,0,1,1.58333333333333,70.0,1,1
